{"type":"FeatureCollection","features":[{"type":"Feature","properties":{"segmentType":"trace"},"geometry":{"type":"LineString","coordinates":[[-122.384694,37.612574],[-122.384744,37.612294]]}},{"type":"Feature","geometry":{"type":"LineString","coordinates":[[-122.384744,37.612294],[-122.654251,38.023485],[-122.926797,38.434054],[-123.202458,38.843985],[-123.481311,39.25326],[-123.763437,39.661862],[-124.048915,40.069774],[-124.33783,40.476976],[-124.630268,40.883451],[-124.926318,41.289177],[-125.226069,41.694136],[-125.529614,42.098306],[-125.83705,42.501666],[-126.148474,42.904193],[-126.463987,43.305866],[-126.783693,43.706659],[-127.107699,44.10655],[-127.436113,44.505512],[-127.769048,44.90352],[-128.106619,45.300548],[-128.448945,45.696567],[-128.796148,46.091549],[-129.148353,46.485465],[-129.50569,46.878284],[-129.868289,47.269975],[-130.236287,47.660504],[-130.609823,48.04984],[-130.989042,48.437946],[-131.37409,48.824788],[-131.765118,49.210327],[-132.162282,49.594525],[-132.565742,49.977343],[-132.975661,50.358739],[-133.392208,50.738671],[-133.815556,51.117095],[-134.245881,51.493966],[-134.683365,51.869235],[-135.128195,52.242855],[-135.580562,52.614775],[-136.040662,52.984942],[-136.508695,53.353302],[-136.984868,53.7198],[-137.469391,54.084376],[-137.962479,54.446972],[-138.464352,54.807525],[-138.975236,55.165969],[-139.49536,55.52224],[-140.02496,55.876266],[-140.564274,56.227978],[-141.113546,56.577301],[-141.673026,56.924157],[-142.242965,57.268469],[-142.82362,57.610153],[-143.415251,57.949125],[-144.018123,58.285298],[-144.632502,58.618579],[-145.258659,58.948875],[-145.896865,59.276089],[-146.547395,59.60012],[-147.210523,59.920865],[-147.886525,60.238217],[-148.575678,60.552065],[-149.278255,60.862295],[-149.994531,61.168789]]},"properties":{"segmentType":"flight"}},{"type":"Feature","properties":{"segmentType":"trace"},"geometry":{"type":"LineString","coordinates":[[-149.994531,61.168789],[-149.986152,61.173743],[-149.984016,61.173887],[-149.984478,61.173537],[-149.983974,61.174207],[-149.98592,61.17469],[-149.981879,61.173798],[-149.980828,61.174234],[-149.981481,61.174272],[-149.980974,61.173271],[-149.976811,61.173219],[-149.972018,61.176402],[-149.970151,61.176561],[-149.960782,61.176551],[-149.950647,61.174259],[-149.914413,61.17198],[-149.915334,61.171437],[-149.916514,61.17182],[-149.916235,61.17339],[-149.913108,61.178275],[-149.912866,61.202556],[-149.908666,61.205424],[-149.902377,61.205262],[-149.899918,61.206025],[-149.899616,61.218101],[-149.898155,61.218545],[-149.891244,61.218573],[-149.893496,61.219283],[-149.88766,61.219479],[-149.887482,61.201988],[-149.886577,61.194732],[-149.881385,61.193969],[-149.880532,61.192551],[-149.878833,61.192634],[-149.880765,61.192921],[-149.880731,61.19228],[-149.882487,61.193265],[-149.867961,61.193428],[-149.866897,61.218178],[-149.865958,61.218558],[-149.858107,61.219457],[-149.846125,61.219461],[-149.845688,61.21892],[-149.847018,61.218146],[-149.845733,61.217763],[-149.848581,61.217551],[-149.82397,61.217458],[-149.793199,61.224196],[-149.743112,61.224968],[-149.710993,61.232133],[-149.692294,61.238758],[-149.677549,61.246096],[-149.649409,61.257371],[-149.635276,61.267391],[-149.63403,61.269475],[-149.633882,61.274631],[-149.63047,61.278098],[-149.626281,61.279837],[-149.599805,61.286198],[-149.594366,61.288558],[-149.591689,61.290674],[-149.590157,61.293142],[-149.586596,61.304736],[-149.584182,61.307308],[-149.57625,61.312073],[-149.574249,61.315477],[-149.575448,61.319163],[-149.582997,61.32806],[-149.583544,61.330907],[-149.582167,61.333422],[-149.579532,61.335374],[-149.554881,61.3473],[-149.552445,61.349514],[-149.547323,61.356842],[-149.531954,61.368467],[-149.528354,61.375261],[-149.513307,61.385203],[-149.486657,61.393642],[-149.46404,61.40317],[-149.451188,61.407498],[-149.433903,61.412],[-149.430944,61.414003],[-149.420274,61.426558],[-149.41753,61.428543],[-149.395006,61.438339],[-149.385701,61.44495],[-149.365676,61.455324],[-149.357674,61.458665],[-149.345179,61.462577],[-149.296224,61.467591],[-149.268653,61.472107],[-149.259422,61.47559],[-149.245745,61.487907],[-149.243797,61.496368],[-149.244524,61.49995],[-149.253113,61.50687],[-149.254436,61.510108],[-149.251663,61.541596],[-149.250525,61.545528],[-149.247307,61.551625],[-149.247342,61.553692],[-149.248672,61.555956],[-149.252499,61.558577],[-149.266162,61.562727],[-149.299428,61.56329],[-149.305181,61.564658],[-149.313052,61.567879],[-149.319734,61.568968],[-149.33253,61.56869],[-149.35342,61.571122],[-149.368418,61.571105],[-149.391809,61.572415],[-149.41332,61.578022],[-149.429042,61.58051],[-149.460184,61.582211],[-149.490387,61.579186],[-149.521328,61.57903],[-149.5253,61.57949],[-149.537816,61.58363],[-149.543559,61.584487],[-149.562308,61.583078],[-149.575243,61.580297],[-149.634499,61.58287],[-149.639863,61.581749],[-149.654515,61.574535],[-149.685794,61.56858],[-149.698245,61.568257],[-149.713412,61.570295],[-149.717023,61.571359],[-149.727256,61.57743],[-149.750863,61.587817],[-149.76014,61.595541],[-149.760862,61.60559],[-149.762961,61.608192],[-149.791364,61.613817],[-149.794715,61.615321],[-149.801211,61.627686],[-149.802751,61.629341],[-149.807204,61.63047],[-149.823492,61.629781],[-149.829255,61.630504],[-149.853919,61.637736],[-149.866189,61.643445],[-149.877427,61.645949],[-149.888433,61.650597],[-149.899077,61.653264],[-149.919872,61.652845],[-149.92418,61.653901],[-149.956526,61.668756],[-149.960713,61.673757],[-149.968981,61.680724],[-149.970156,61.683915],[-149.96988,61.687075],[-149.971016,61.689085],[-149.982672,61.696154],[-149.99134,61.699336],[-150.006664,61.706813],[-150.015649,61.709414],[-150.024748,61.713201],[-150.039064,61.721188],[-150.039464,61.722754],[-150.038132,61.726606],[-150.038806,61.734465],[-150.043773,61.742223],[-150.060573,61.755551],[-150.076075,61.786495],[-150.096982,61.800934],[-150.099088,61.804706],[-150.095585,61.812749],[-150.093873,61.814714],[-150.077097,61.82246],[-150.07327,61.825172],[-150.070379,61.834705],[-150.070645,61.836937],[-150.079363,61.854352],[-150.088533,61.866589],[-150.088832,61.88293],[-150.087216,61.886318],[-150.068523,61.905835],[-150.069439,61.920628],[-150.075556,61.92912],[-150.075848,61.9313],[-150.073896,61.933571],[-150.059059,61.941812],[-150.055664,61.945144],[-150.055707,61.948488],[-150.060856,61.957398],[-150.060461,61.971786],[-150.059683,61.974221],[-150.05138,61.986218],[-150.050677,61.988771],[-150.056293,62.007019],[-150.074507,62.02628],[-150.075562,62.029525],[-150.073565,62.032801],[-150.062343,62.039143],[-150.05976,62.042716],[-150.062505,62.04964],[-150.05956,62.068467],[-150.061867,62.095089],[-150.060906,62.099992],[-150.058603,62.108187],[-150.051552,62.114393],[-150.039191,62.129926],[-150.038572,62.131703],[-150.039287,62.134047],[-150.034682,62.13616],[-150.031535,62.14016],[-150.029531,62.177982],[-150.030962,62.181137],[-150.033304,62.182917],[-150.050464,62.190608],[-150.057884,62.198189],[-150.070892,62.204015],[-150.086193,62.217688],[-150.087492,62.219715],[-150.086182,62.230664],[-150.088778,62.247145],[-150.080803,62.25685],[-150.076425,62.292333],[-150.077041,62.294397],[-150.080902,62.297692],[-150.100991,62.305463],[-150.106482,62.311763],[-150.104821,62.317908],[-150.106301,62.32065],[-150.10359,62.32137],[-150.10642,62.320924],[-150.111339,62.32294],[-150.11628,62.323079],[-150.112069,62.323147],[-150.109316,62.321991],[-150.110546,62.321699],[-150.106342,62.320908],[-150.10365,62.32121],[-150.106577,62.320887],[-150.104961,62.317722],[-150.106545,62.311474],[-150.100624,62.30495],[-150.081273,62.297814],[-150.07703,62.294231],[-150.076571,62.292095],[-150.080732,62.257558],[-150.081806,62.255295],[-150.088295,62.248513],[-150.088936,62.246677],[-150.086299,62.23096],[-150.087765,62.220413],[-150.0857,62.217127],[-150.069956,62.203294],[-150.059094,62.198867],[-150.051002,62.190915],[-150.033659,62.183036],[-150.029965,62.179544],[-150.031409,62.141037],[-150.034026,62.136754],[-150.037713,62.134856],[-150.040214,62.134907],[-150.042747,62.1371],[-150.046005,62.138311],[-150.056512,62.139157],[-150.066072,62.143379],[-150.087353,62.14896],[-150.093047,62.152659],[-150.100315,62.156002],[-150.106529,62.161441],[-150.119288,62.169279],[-150.170179,62.17428],[-150.186221,62.179161],[-150.2092,62.190021],[-150.213425,62.192869],[-150.222598,62.210716],[-150.231655,62.218932],[-150.237598,62.227948],[-150.25233,62.237645],[-150.253353,62.239408],[-150.249828,62.253483],[-150.243606,62.265092],[-150.242922,62.267659],[-150.249023,62.281806],[-150.249127,62.283958],[-150.233254,62.311756],[-150.23283,62.314141],[-150.23973,62.325401],[-150.236863,62.325782],[-150.239754,62.325825],[-150.242264,62.333535],[-150.249259,62.341306],[-150.255105,62.361408],[-150.266833,62.37474],[-150.267832,62.376875],[-150.263606,62.387721],[-150.262441,62.396544],[-150.258334,62.405649],[-150.257884,62.409013],[-150.264345,62.425626],[-150.265778,62.442033],[-150.272848,62.452849],[-150.270693,62.470543],[-150.275704,62.484802],[-150.272863,62.496082],[-150.27074,62.49942],[-150.241151,62.521212],[-150.238391,62.524466],[-150.234531,62.532845],[-150.236956,62.539852],[-150.234944,62.542882],[-150.234763,62.54545],[-150.243651,62.553926],[-150.244345,62.55574],[-150.242914,62.557476],[-150.236948,62.560623],[-150.231125,62.567445],[-150.232128,62.569411],[-150.235901,62.571463],[-150.237199,62.573118],[-150.234952,62.577924],[-150.234547,62.581056],[-150.234886,62.585235],[-150.237557,62.591942],[-150.238055,62.597373],[-150.235615,62.600653],[-150.225968,62.605662],[-150.222574,62.608587],[-150.222416,62.611684],[-150.228984,62.630796],[-150.228352,62.632721],[-150.221685,62.641618],[-150.220996,62.643695],[-150.225376,62.654072],[-150.225855,62.662443],[-150.232857,62.67259],[-150.242731,62.681006],[-150.244142,62.683666],[-150.243179,62.686785],[-150.237651,62.694516],[-150.234749,62.697321],[-150.225844,62.702299],[-150.217032,62.708648],[-150.207156,62.711329],[-150.203477,62.713255],[-150.200755,62.71544],[-150.198435,62.71931],[-150.196517,62.72077],[-150.150448,62.736836],[-150.129062,62.747542],[-150.103034,62.757285],[-150.08521,62.761148],[-150.046313,62.773835],[-150.021403,62.785166],[-149.969155,62.804879],[-149.94975,62.810935],[-149.937069,62.816504],[-149.908871,62.825242],[-149.898004,62.831092],[-149.891601,62.837543],[-149.881331,62.845027],[-149.878521,62.849166],[-149.875006,62.859677],[-149.872025,62.862231],[-149.859491,62.866487],[-149.847811,62.868204],[-149.834186,62.876715],[-149.830251,62.877092],[-149.821375,62.875928],[-149.798557,62.878734],[-149.794062,62.880206],[-149.786184,62.884841],[-149.738836,62.895152],[-149.732327,62.901104],[-149.716543,62.908785],[-149.710334,62.916019],[-149.698767,62.923733],[-149.694056,62.93016],[-149.679827,62.937525],[-149.666328,62.948613],[-149.640156,62.960095],[-149.637202,62.962113],[-149.630984,62.970907],[-149.631165,62.978046],[-149.626109,62.982769],[-149.624577,62.989669],[-149.613412,62.997783],[-149.604848,63.002187],[-149.588976,63.015796],[-149.588438,63.017742],[-149.589522,63.024558],[-149.586736,63.029805],[-149.587286,63.036404],[-149.580541,63.044878],[-149.56691,63.048011],[-149.556983,63.056714],[-149.545732,63.062175],[-149.537873,63.070708],[-149.530742,63.075619],[-149.527612,63.079933],[-149.511206,63.091229],[-149.499658,63.096797],[-149.482695,63.11205],[-149.471118,63.116111],[-149.466742,63.119693],[-149.46031,63.122465],[-149.455226,63.125786],[-149.453843,63.12756],[-149.453083,63.130586],[-149.451265,63.132416],[-149.424082,63.141899],[-149.421615,63.1434],[-149.421368,63.146524],[-149.420167,63.147927],[-149.414128,63.150239],[-149.408242,63.15101],[-149.407601,63.151472],[-149.408978,63.152177],[-149.389427,63.163858],[-149.388787,63.1646],[-149.389027,63.167295],[-149.387095,63.170306],[-149.371186,63.180864],[-149.363786,63.18712],[-149.348117,63.195978],[-149.331358,63.203555],[-149.325513,63.207485],[-149.300982,63.216291],[-149.287003,63.222386],[-149.268235,63.232398],[-149.261146,63.237874],[-149.254208,63.241763],[-149.251893,63.243752],[-149.250936,63.24641],[-149.255192,63.253436],[-149.254368,63.256577],[-149.243797,63.263297],[-149.22383,63.273467],[-149.213357,63.284134],[-149.214061,63.289217],[-149.212997,63.29105],[-149.201983,63.298366],[-149.173571,63.309824],[-149.150794,63.317627],[-149.142038,63.322595],[-149.142397,63.322959],[-149.132361,63.32592],[-149.123681,63.330787],[-149.10985,63.335735],[-149.106247,63.337706],[-149.06355,63.349543],[-149.049662,63.354579],[-149.007593,63.364165],[-148.995082,63.370226],[-148.970507,63.374019],[-148.950875,63.375337],[-148.913523,63.383533],[-148.909718,63.385236],[-148.895252,63.394669],[-148.892287,63.395378],[-148.89299,63.395764],[-148.88905,63.399936],[-148.888203,63.399461],[-148.888414,63.388424],[-148.873014,63.385635],[-148.868106,63.3828],[-148.864935,63.382125],[-148.859208,63.379212],[-148.824729,63.372178],[-148.796342,63.371346],[-148.786341,63.371759],[-148.783768,63.37046],[-148.785674,63.371562],[-148.767202,63.373025],[-148.736984,63.382935],[-148.661746,63.396507],[-148.617503,63.390557],[-148.566135,63.389723],[-148.552843,63.392808],[-148.518393,63.393397],[-148.511061,63.392325],[-148.504054,63.387656],[-148.49914,63.386377],[-148.440895,63.384466],[-148.42904,63.38228],[-148.413583,63.381228],[-148.396746,63.377059],[-148.372796,63.373271],[-148.361819,63.368813],[-148.349849,63.361302],[-148.342285,63.357932],[-148.337211,63.35695],[-148.328099,63.3573],[-148.320507,63.355717],[-148.313684,63.352699],[-148.291519,63.345458],[-148.28013,63.338696],[-148.279481,63.33627],[-148.277451,63.334842],[-148.254846,63.330259],[-148.253424,63.327521],[-148.245414,63.321773],[-148.241916,63.321269],[-148.236056,63.322154],[-148.230401,63.321786],[-148.208445,63.31225],[-148.19082,63.306027],[-148.170013,63.303554],[-148.150829,63.299415],[-148.138402,63.301178],[-148.092416,63.296017],[-148.07061,63.29085],[-148.054456,63.279551],[-148.041128,63.278214],[-148.010284,63.271713],[-147.988148,63.27454],[-147.977485,63.276986],[-147.96524,63.278141],[-147.943749,63.277071],[-147.93344,63.274104],[-147.923193,63.275982],[-147.913043,63.276747],[-147.901713,63.274239],[-147.894974,63.274014],[-147.881744,63.270921],[-147.871572,63.27039],[-147.851863,63.265782],[-147.843295,63.264687],[-147.829294,63.260525],[-147.815309,63.25128],[-147.807524,63.248786],[-147.801124,63.241393],[-147.792649,63.238201],[-147.773612,63.235679],[-147.765092,63.233451],[-147.753642,63.231937],[-147.739144,63.228212],[-147.731966,63.227346],[-147.710106,63.222378],[-147.683022,63.219909],[-147.676561,63.217155],[-147.673103,63.213099],[-147.655856,63.208221],[-147.638701,63.201786],[-147.622662,63.193764],[-147.611126,63.191437],[-147.606755,63.189377],[-147.578108,63.183995],[-147.552276,63.176717],[-147.543188,63.169122],[-147.539817,63.164139],[-147.537801,63.160323],[-147.537229,63.153036],[-147.532116,63.145357],[-147.539441,63.13296],[-147.539399,63.131193],[-147.537065,63.126329],[-147.537074,63.124442],[-147.541241,63.118303],[-147.546266,63.113881],[-147.546084,63.111831],[-147.535516,63.104124],[-147.503238,63.105959],[-147.500413,63.10525],[-147.494329,63.099983],[-147.485842,63.097932],[-147.480379,63.093665],[-147.48027,63.091269],[-147.477965,63.08886],[-147.470663,63.08365],[-147.463757,63.080938],[-147.461967,63.076969],[-147.466419,63.07342],[-147.466553,63.069697],[-147.465655,63.068124],[-147.459965,63.06355],[-147.453546,63.061299],[-147.441914,63.060908],[-147.436775,63.059891],[-147.428717,63.057252],[-147.42671,63.053914],[-147.42323,63.052514],[-147.426492,63.053786],[-147.428466,63.057129],[-147.437979,63.060312],[-147.45267,63.061231],[-147.459889,63.063569],[-147.466483,63.069668],[-147.466412,63.07324],[-147.462087,63.076563],[-147.463721,63.080958],[-147.470662,63.083712],[-147.477875,63.088846],[-147.480076,63.090989],[-147.479842,63.092951],[-147.48047,63.093784],[-147.484994,63.097446],[-147.494314,63.100023],[-147.500317,63.105242],[-147.50314,63.105981],[-147.534832,63.104034],[-147.537452,63.105043],[-147.54567,63.111526],[-147.546474,63.11234],[-147.54604,63.114044],[-147.541176,63.118456],[-147.537116,63.124259],[-147.537003,63.12621],[-147.539487,63.132739],[-147.536571,63.138623],[-147.532003,63.144929],[-147.536958,63.152456],[-147.537825,63.160604],[-147.542275,63.167928],[-147.553227,63.177182],[-147.5783,63.184043],[-147.606762,63.189375],[-147.610733,63.191307],[-147.623534,63.19405],[-147.638834,63.201828],[-147.65521,63.208011],[-147.672015,63.212614],[-147.675073,63.21479],[-147.674822,63.21554],[-147.675893,63.21678],[-147.682722,63.219797],[-147.710625,63.222441],[-147.731235,63.227175],[-147.739309,63.228247],[-147.753685,63.231935],[-147.772839,63.235099],[-147.771275,63.235647],[-147.792371,63.238122],[-147.801043,63.241353],[-147.807585,63.248808],[-147.815171,63.251193],[-147.829379,63.260568],[-147.841969,63.264372],[-147.851488,63.265693],[-147.870718,63.270256],[-147.882575,63.271043],[-147.894088,63.273877],[-147.901817,63.274272],[-147.914231,63.276805],[-147.933699,63.274113],[-147.943333,63.276997],[-147.966042,63.278102],[-147.979134,63.276773],[-147.989071,63.274404],[-148.010484,63.271731],[-148.040244,63.278058],[-148.053339,63.279215],[-148.055854,63.280255],[-148.071068,63.291058],[-148.092477,63.296024],[-148.138777,63.301185],[-148.149825,63.299329],[-148.16989,63.303523],[-148.190945,63.306052],[-148.208765,63.312391],[-148.230133,63.32173],[-148.245158,63.321659],[-148.253675,63.327767],[-148.254085,63.329439],[-148.255726,63.33068],[-148.27792,63.335001],[-148.279467,63.336304],[-148.280069,63.338654],[-148.292641,63.346015],[-148.312845,63.352429],[-148.321603,63.356083],[-148.328935,63.357362],[-148.336509,63.35691],[-148.342099,63.357892],[-148.349566,63.361172],[-148.361679,63.368742],[-148.373088,63.373364],[-148.397909,63.37728],[-148.41164,63.380931],[-148.429269,63.382307],[-148.441728,63.384517],[-148.498262,63.386276],[-148.504915,63.388089],[-148.510437,63.392102],[-148.51825,63.39339],[-148.552257,63.392839],[-148.566411,63.389714],[-148.616813,63.39054],[-148.661122,63.396539],[-148.736968,63.382945],[-148.768599,63.372849],[-148.795216,63.371363],[-148.827653,63.372647],[-148.858414,63.378984],[-148.873881,63.385897],[-148.901006,63.390319],[-148.91313,63.383673],[-148.950701,63.375378],[-148.969041,63.37422],[-148.995333,63.370191],[-149.007772,63.364131],[-149.049329,63.354707],[-149.063682,63.349523],[-149.106893,63.337465],[-149.124249,63.330554],[-149.131841,63.326148],[-149.143365,63.32213],[-149.151768,63.317266],[-149.172914,63.310171],[-149.203063,63.297881],[-149.21369,63.290347],[-149.214138,63.288159],[-149.21332,63.284382],[-149.222917,63.27425],[-149.244088,63.263189],[-149.254838,63.256127],[-149.255393,63.2536],[-149.251046,63.24661],[-149.251546,63.244397],[-149.25384,63.242045],[-149.260586,63.238299],[-149.269264,63.231862],[-149.285747,63.223061],[-149.301063,63.216292],[-149.325912,63.207341],[-149.33151,63.203511],[-149.349102,63.195505],[-149.365087,63.186362],[-149.372511,63.179969],[-149.38687,63.170624],[-149.389122,63.167372],[-149.38883,63.164953],[-149.390284,63.16333],[-149.408308,63.152721],[-149.42054,63.147751],[-149.421406,63.14674],[-149.421723,63.143368],[-149.423187,63.142279],[-149.451126,63.132572],[-149.452676,63.131327],[-149.453949,63.127467],[-149.455596,63.125565],[-149.460072,63.122608],[-149.46583,63.120217],[-149.471049,63.116158],[-149.482826,63.112023],[-149.499467,63.096954],[-149.511935,63.0908],[-149.527605,63.079991],[-149.530972,63.075487],[-149.5379,63.070776],[-149.546489,63.061711],[-149.556556,63.057086],[-149.566591,63.048185],[-149.57464,63.046265],[-149.567315,63.047834],[-149.555846,63.05747],[-149.546287,63.06177],[-149.537908,63.070656],[-149.53065,63.075677],[-149.527786,63.079737],[-149.511116,63.091244],[-149.498801,63.097341],[-149.4836,63.111398],[-149.47998,63.113362],[-149.470604,63.116348],[-149.466576,63.119772],[-149.456379,63.124958],[-149.454234,63.12667],[-149.45313,63.130491],[-149.451249,63.1324],[-149.422803,63.142435],[-149.421252,63.144234],[-149.420986,63.147256],[-149.419893,63.148068],[-149.408911,63.152353],[-149.390281,63.163286],[-149.38873,63.165156],[-149.388819,63.167828],[-149.386441,63.170918],[-149.37108,63.180911],[-149.364943,63.186378],[-149.348934,63.195534],[-149.331385,63.203506],[-149.325931,63.207278],[-149.300301,63.21654],[-149.286935,63.222398],[-149.269036,63.231921],[-149.261314,63.237722],[-149.253529,63.242204],[-149.251458,63.244423],[-149.250958,63.246599],[-149.255373,63.254042],[-149.254044,63.256871],[-149.243864,63.263259],[-149.223996,63.273317],[-149.213676,63.283589],[-149.213163,63.285905],[-149.214048,63.289365],[-149.213274,63.290754],[-149.201791,63.298447],[-149.172989,63.310016],[-149.150775,63.317614],[-149.143676,63.321933],[-149.131174,63.326396],[-149.12356,63.330837],[-149.110786,63.335312],[-149.105401,63.337996],[-149.065397,63.34897],[-149.048554,63.354882],[-149.008397,63.363906],[-149.002968,63.365947],[-148.995741,63.370045],[-148.970924,63.373942],[-148.954131,63.374985],[-148.912059,63.384009],[-148.894279,63.395291],[-148.893364,63.395815],[-148.892989,63.395255],[-148.892909,63.396187],[-148.889833,63.398695],[-148.881287,63.413723],[-148.878893,63.422468],[-148.876528,63.427548],[-148.868736,63.433649],[-148.842407,63.444223],[-148.820771,63.452063],[-148.805693,63.455932],[-148.803711,63.457365],[-148.803509,63.459154],[-148.805669,63.463858],[-148.818055,63.472326],[-148.820405,63.480149],[-148.822988,63.483078],[-148.820985,63.486663],[-148.821178,63.492],[-148.816058,63.49769],[-148.816952,63.501995],[-148.812884,63.510417],[-148.803267,63.517598],[-148.801626,63.520133],[-148.806994,63.530753],[-148.807044,63.531798],[-148.803816,63.535956],[-148.804046,63.538209],[-148.81154,63.550084],[-148.819294,63.555224],[-148.821317,63.558428],[-148.820577,63.560473],[-148.810378,63.574859],[-148.806593,63.583484],[-148.805677,63.586112],[-148.80644,63.593221],[-148.805272,63.596426],[-148.788098,63.609901],[-148.783543,63.615231],[-148.782234,63.62958],[-148.785843,63.633107],[-148.802729,63.645502],[-148.811627,63.648754],[-148.830527,63.652839],[-148.833884,63.654537],[-148.836862,63.657224],[-148.839857,63.660441],[-148.839925,63.663146],[-148.836279,63.66617],[-148.825642,63.670458],[-148.824121,63.673285],[-148.825011,63.676632],[-148.827629,63.678947],[-148.834193,63.681555],[-148.842246,63.687557],[-148.875254,63.700179],[-148.878684,63.702162],[-148.896419,63.718671],[-148.896257,63.720518],[-148.89217,63.725117],[-148.886246,63.728227],[-148.897578,63.735848],[-148.906022,63.737374],[-148.914967,63.736742],[-148.916202,63.735279],[-148.915494,63.733969],[-148.919407,63.732076],[-148.91914,63.73084],[-148.920126,63.729164],[-148.919071,63.73029],[-148.919431,63.731844],[-148.918724,63.732513],[-148.915338,63.733433],[-148.916126,63.735316],[-148.915699,63.736133],[-148.90749,63.737291],[-148.898161,63.736042],[-148.88989,63.730115],[-148.886261,63.728417],[-148.883617,63.729607],[-148.882483,63.731119],[-148.882975,63.732815],[-148.887701,63.738526],[-148.900147,63.747344],[-148.900331,63.748854],[-148.899065,63.75109],[-148.899496,63.753878],[-148.898892,63.75664],[-148.900734,63.758745],[-148.906449,63.761979],[-148.911386,63.769784],[-148.909725,63.774704],[-148.910253,63.777551],[-148.909589,63.780125],[-148.91022,63.7818],[-148.91966,63.790673],[-148.923795,63.797669],[-148.928548,63.801208],[-148.938473,63.804265],[-148.952434,63.804695],[-148.955744,63.805581],[-148.969372,63.811905],[-149.005866,63.832131],[-149.008492,63.835061],[-149.013599,63.845526],[-149.011067,63.852552],[-149.011261,63.855276],[-149.019109,63.864408],[-149.018536,63.864756],[-149.019204,63.86489],[-149.01907,63.864241],[-149.011905,63.856089],[-149.011071,63.853666],[-149.013915,63.846345],[-149.01607,63.846419],[-149.015916,63.848056],[-149.017301,63.84737],[-149.015802,63.847938],[-149.016077,63.846489],[-149.014059,63.846214],[-149.008459,63.834736],[-149.005766,63.831941],[-148.96933,63.811828],[-148.955149,63.805255],[-148.937279,63.803921],[-148.928675,63.801184],[-148.924272,63.798064],[-148.919722,63.79062],[-148.910074,63.78139],[-148.909676,63.77966],[-148.910444,63.776668],[-148.909826,63.774886],[-148.91151,63.769829],[-148.906384,63.761801],[-148.899373,63.757331],[-148.899022,63.751665],[-148.900567,63.748967],[-148.900482,63.747443],[-148.88706,63.737814],[-148.882732,63.732332],[-148.883053,63.730249],[-148.886817,63.728685],[-148.889594,63.729953],[-148.896187,63.735156],[-148.901037,63.736921],[-148.912731,63.737035],[-148.916086,63.735813],[-148.915506,63.733948],[-148.919453,63.732027],[-148.919105,63.730445],[-148.920927,63.727695],[-148.923633,63.726812],[-148.951661,63.723429],[-148.957613,63.722032],[-148.961258,63.722686],[-148.970692,63.721637],[-149.004769,63.715562],[-149.011653,63.717566],[-149.015715,63.716537],[-149.025126,63.715669],[-149.029361,63.716152],[-149.036998,63.715053],[-149.046247,63.716452],[-149.072947,63.716895],[-149.081471,63.714234],[-149.123209,63.709952],[-149.157704,63.71279],[-149.181331,63.710827],[-149.191933,63.710967],[-149.220337,63.711867],[-149.235895,63.713585],[-149.24543,63.714943],[-149.265201,63.719801],[-149.27333,63.724582],[-149.281211,63.727038],[-149.282873,63.730486],[-149.282776,63.731818],[-149.286379,63.73305],[-149.292022,63.737151],[-149.291001,63.738968],[-149.29154,63.740018],[-149.286495,63.739393],[-149.281087,63.740284],[-149.279773,63.739764],[-149.28124,63.740259],[-149.28654,63.73943],[-149.289659,63.740287],[-149.291047,63.739978],[-149.292055,63.737052],[-149.286071,63.732854],[-149.283331,63.732228],[-149.281577,63.727296],[-149.28057,63.726627],[-149.274292,63.724975],[-149.266773,63.720255],[-149.246408,63.715089],[-149.219209,63.711774],[-149.181915,63.710776],[-149.157252,63.712734],[-149.125315,63.709874],[-149.08116,63.714237],[-149.074472,63.716755],[-149.047011,63.716443],[-149.036965,63.715004],[-149.03003,63.716102],[-149.025301,63.715617],[-149.015687,63.716504],[-149.010836,63.717518],[-149.006618,63.715791],[-149.003592,63.715654],[-148.999429,63.716942],[-148.970447,63.721627],[-148.964857,63.721777],[-148.962433,63.722587],[-148.956881,63.722107],[-148.949972,63.723617],[-148.92341,63.726827],[-148.920973,63.727587],[-148.918492,63.730822],[-148.916944,63.730775],[-148.916398,63.731521],[-148.917631,63.731281],[-148.915568,63.733312],[-148.916117,63.735238],[-148.914943,63.736574],[-148.893908,63.737694],[-148.897547,63.73654],[-148.906217,63.737378],[-148.915137,63.736549],[-148.916238,63.735496],[-148.915689,63.73375],[-148.919391,63.732123],[-148.919089,63.730676],[-148.92079,63.727803],[-148.923095,63.726932],[-148.951836,63.72342],[-148.957063,63.722132],[-148.962626,63.722638],[-148.965163,63.721823],[-148.969737,63.721956],[-148.992965,63.717587],[-149.000275,63.716913],[-149.004204,63.715595],[-149.011154,63.717593],[-149.017224,63.716382],[-149.025963,63.715614],[-149.030541,63.716082],[-149.037792,63.715069],[-149.04602,63.71645],[-149.073226,63.716881],[-149.082399,63.71411],[-149.124294,63.709894],[-149.156989,63.712771],[-149.182252,63.710806],[-149.219642,63.711832],[-149.246067,63.715054],[-149.265454,63.71985],[-149.273328,63.724566],[-149.281252,63.727065],[-149.282924,63.731994],[-149.286617,63.733182],[-149.291763,63.736751],[-149.292021,63.738452],[-149.295076,63.738961],[-149.302778,63.738526],[-149.31454,63.731457],[-149.320347,63.729805],[-149.331061,63.73042],[-149.333849,63.729937],[-149.339233,63.731316],[-149.3491,63.731627],[-149.351647,63.731049],[-149.356575,63.72819],[-149.359157,63.727841],[-149.366813,63.730271],[-149.369378,63.73023],[-149.37052,63.727079],[-149.369296,63.725445],[-149.371062,63.72351],[-149.378154,63.721757],[-149.382928,63.722995],[-149.390118,63.718572],[-149.39155,63.716487],[-149.395907,63.716511],[-149.398975,63.718135],[-149.409923,63.719719],[-149.41161,63.722262],[-149.408139,63.725251],[-149.410803,63.72673],[-149.410788,63.727971],[-149.411997,63.728131],[-149.41935,63.724698],[-149.428922,63.721976],[-149.454312,63.728824],[-149.470884,63.723442],[-149.476406,63.722567],[-149.479795,63.717871],[-149.480941,63.714929],[-149.484485,63.713762],[-149.490961,63.709265],[-149.493815,63.708652],[-149.511045,63.710074],[-149.517645,63.71239],[-149.526444,63.713601],[-149.529662,63.715285],[-149.536877,63.715975],[-149.543283,63.713614],[-149.548053,63.710652],[-149.55336,63.703466],[-149.562972,63.69594],[-149.574331,63.688528],[-149.579431,63.682564],[-149.581109,63.679247],[-149.58136,63.677096],[-149.579274,63.67524],[-149.579889,63.67392],[-149.577287,63.670728],[-149.577847,63.66806],[-149.576103,63.66634],[-149.574318,63.661074],[-149.57132,63.658596],[-149.570498,63.656464],[-149.567545,63.654555],[-149.568468,63.654177],[-149.566771,63.654087],[-149.565104,63.649731],[-149.561262,63.64907],[-149.561044,63.648383],[-149.563163,63.643211],[-149.569303,63.641673],[-149.574925,63.641814],[-149.580077,63.640575],[-149.579425,63.637406],[-149.580082,63.634039],[-149.577681,63.630522],[-149.578062,63.627152],[-149.576719,63.624692],[-149.580112,63.619082],[-149.579511,63.61644],[-149.585534,63.610883],[-149.584569,63.607936],[-149.602518,63.599703],[-149.604579,63.597722],[-149.616759,63.590543],[-149.618945,63.583573],[-149.624669,63.579619],[-149.627017,63.576145],[-149.636972,63.570133],[-149.638099,63.568379],[-149.641092,63.566297],[-149.644453,63.55892],[-149.647882,63.556317],[-149.655831,63.553975],[-149.670063,63.553927],[-149.681742,63.555523],[-149.690764,63.553956],[-149.694914,63.554345],[-149.708145,63.551784],[-149.719524,63.551578],[-149.735557,63.554098],[-149.737996,63.555487],[-149.741754,63.555323],[-149.743162,63.55661],[-149.746175,63.555601],[-149.756042,63.556385],[-149.776277,63.559504],[-149.787291,63.559424],[-149.794447,63.560859],[-149.794071,63.559562],[-149.795306,63.553638],[-149.794292,63.55258],[-149.798198,63.550135],[-149.798048,63.547892],[-149.800743,63.542007],[-149.806347,63.54078],[-149.805925,63.538151],[-149.810146,63.536631],[-149.818764,63.536332],[-149.810195,63.536637],[-149.806085,63.538049],[-149.806453,63.5406],[-149.805767,63.541052],[-149.80055,63.542144],[-149.798144,63.547771],[-149.798254,63.550105],[-149.794312,63.552324],[-149.795208,63.553851],[-149.794427,63.558008],[-149.793882,63.557956],[-149.794432,63.558944],[-149.792246,63.56013],[-149.787204,63.559411],[-149.776266,63.559477],[-149.746792,63.555571],[-149.742344,63.556486],[-149.74164,63.55509],[-149.737847,63.555372],[-149.735261,63.553998],[-149.72641,63.552161],[-149.719293,63.551533],[-149.708247,63.551768],[-149.695339,63.554271],[-149.690097,63.553978],[-149.682352,63.555497],[-149.669536,63.553881],[-149.654023,63.554341],[-149.645965,63.55757],[-149.643907,63.56008],[-149.641851,63.565826],[-149.636967,63.570195],[-149.627674,63.575622],[-149.624833,63.579489],[-149.618987,63.583538],[-149.616987,63.590248],[-149.60187,63.600018],[-149.584493,63.608171],[-149.585702,63.610862],[-149.579566,63.616405],[-149.580196,63.618921],[-149.5768,63.624641],[-149.578102,63.627144],[-149.577589,63.630365],[-149.580444,63.634409],[-149.5797,63.636153],[-149.580274,63.64063],[-149.575657,63.64204],[-149.571584,63.641602],[-149.575398,63.64339],[-149.564706,63.641988],[-149.565843,63.64256],[-149.56271,63.643651],[-149.560914,63.648831],[-149.565671,63.650025],[-149.566676,63.652557],[-149.566511,63.654409],[-149.566973,63.654941],[-149.568407,63.654226],[-149.567214,63.654157],[-149.570395,63.656373],[-149.571615,63.658866],[-149.574484,63.66131],[-149.574217,63.662673],[-149.57779,63.66801],[-149.577249,63.67064],[-149.579851,63.673931],[-149.579126,63.675093],[-149.58128,63.676845],[-149.581138,63.679146],[-149.578997,63.683156],[-149.573166,63.689588],[-149.562853,63.696052],[-149.553261,63.703612],[-149.548054,63.710607],[-149.538061,63.715692],[-149.534941,63.715998],[-149.528819,63.715112],[-149.526005,63.713456],[-149.51698,63.712218],[-149.51095,63.710016],[-149.494884,63.708502],[-149.490678,63.709429],[-149.483821,63.714135],[-149.481191,63.714714],[-149.476558,63.72251],[-149.470173,63.723662],[-149.453441,63.728752],[-149.42903,63.721934],[-149.422775,63.723423],[-149.411827,63.728112],[-149.410733,63.727871],[-149.410666,63.72658],[-149.408255,63.725196],[-149.411875,63.721686],[-149.410115,63.719707],[-149.391623,63.71656],[-149.390479,63.716996],[-149.389863,63.7189],[-149.386485,63.720323],[-149.383664,63.72266],[-149.382552,63.722951],[-149.379082,63.721655],[-149.370831,63.723644],[-149.369301,63.725168],[-149.370562,63.727042],[-149.36955,63.729935],[-149.368558,63.73048],[-149.358748,63.727816],[-149.349406,63.731602],[-149.339516,63.731302],[-149.333414,63.7299],[-149.330695,63.730398],[-149.320126,63.729804],[-149.315122,63.731169],[-149.302743,63.738555],[-149.295349,63.73893],[-149.292219,63.73849],[-149.291796,63.736664],[-149.286752,63.733177],[-149.283386,63.732276],[-149.280845,63.726757],[-149.273876,63.724794],[-149.265275,63.71975],[-149.245655,63.71492],[-149.235839,63.713521],[-149.220385,63.711806],[-149.191298,63.710902],[-149.181341,63.710774],[-149.155855,63.712722],[-149.122858,63.709871],[-149.080869,63.714269],[-149.073403,63.716841],[-149.046423,63.71639],[-149.036773,63.714981],[-149.029437,63.71609],[-149.026313,63.715567],[-149.015413,63.716504],[-149.011674,63.717505],[-149.003797,63.715575],[-148.999933,63.716928],[-148.993219,63.717472],[-148.970624,63.72162],[-148.965037,63.721738],[-148.96245,63.722647],[-148.957007,63.721988],[-148.951525,63.723383],[-148.922815,63.726901],[-148.920626,63.727886],[-148.919144,63.730001],[-148.918904,63.732406],[-148.915237,63.733679],[-148.91571,63.73615],[-148.908611,63.737292],[-148.899268,63.737072],[-148.898395,63.736324],[-148.893507,63.737481],[-148.900464,63.737168],[-148.886259,63.728405],[-148.882914,63.730228],[-148.882508,63.731977],[-148.887284,63.738154],[-148.900082,63.747224],[-148.900392,63.748554],[-148.898982,63.751311],[-148.899536,63.753994],[-148.898927,63.756649],[-148.90033,63.758418],[-148.906296,63.761792],[-148.911281,63.769271],[-148.911283,63.771169],[-148.909814,63.774198],[-148.910358,63.777265],[-148.909803,63.780934],[-148.919757,63.790746],[-148.924318,63.798183],[-148.929044,63.801452],[-148.937649,63.804064],[-148.953249,63.804795],[-148.95622,63.805761],[-148.969533,63.811966],[-149.005872,63.832129],[-149.00858,63.835226],[-149.013415,63.844818],[-149.013611,63.846664],[-149.011082,63.852655],[-149.011058,63.854697],[-149.019195,63.864502],[-149.018789,63.864972],[-149.021289,63.867149],[-149.021581,63.869293],[-149.020354,63.874854],[-149.021928,63.877653],[-149.047215,63.894762],[-149.083026,63.913088],[-149.084337,63.915208],[-149.084603,63.91826],[-149.097497,63.931545],[-149.101781,63.93453],[-149.117206,63.941702],[-149.119033,63.951936],[-149.124824,63.96334],[-149.118686,63.980343],[-149.120735,63.982297],[-149.128811,63.985265],[-149.129721,63.987667],[-149.128499,63.989801],[-149.128592,63.992009],[-149.136172,63.999188],[-149.145744,64.025021],[-149.144296,64.031404],[-149.144874,64.03331],[-149.146747,64.034781],[-149.153676,64.037114],[-149.171086,64.045671],[-149.184733,64.054683],[-149.198686,64.0662],[-149.199574,64.067584],[-149.200338,64.073842],[-149.203275,64.077742],[-149.224312,64.08915],[-149.225943,64.091097],[-149.229647,64.101347],[-149.246059,64.113594],[-149.24588,64.115949],[-149.243844,64.119121],[-149.243873,64.120249],[-149.247882,64.127553],[-149.255066,64.134442],[-149.26608,64.139574],[-149.281554,64.153356],[-149.288313,64.162712],[-149.292043,64.173797],[-149.29877,64.18393],[-149.298139,64.202058],[-149.298542,64.209061],[-149.299446,64.211607],[-149.299391,64.212885],[-149.297511,64.215015],[-149.29147,64.217045],[-149.257645,64.219622],[-149.251872,64.220811],[-149.18437,64.256229],[-149.176591,64.258303],[-149.12974,64.266241],[-149.120035,64.269147],[-149.112957,64.273254],[-149.06919,64.306078],[-149.035903,64.325506],[-149.035381,64.328592],[-149.036173,64.33057],[-149.043046,64.336729],[-149.044265,64.338834],[-149.042299,64.354163],[-149.046153,64.358439],[-149.045757,64.361452],[-149.044288,64.363465],[-149.041113,64.3654],[-149.030421,64.368288],[-149.027659,64.370165],[-149.024878,64.376747],[-149.015541,64.38562],[-149.011834,64.393778],[-149.011668,64.396202],[-149.017892,64.407007],[-149.022425,64.411074],[-149.03488,64.41829],[-149.035612,64.420318],[-149.035032,64.425475],[-149.035699,64.426748],[-149.047539,64.432986],[-149.049845,64.435057],[-149.053736,64.446474],[-149.049877,64.462157],[-149.050903,64.465805],[-149.053995,64.468071],[-149.064735,64.472375],[-149.076351,64.47426],[-149.081334,64.476624],[-149.081588,64.478685],[-149.07947,64.484565],[-149.069409,64.498762],[-149.069263,64.500829],[-149.073724,64.510345],[-149.073019,64.512439],[-149.068431,64.516713],[-149.067574,64.524878],[-149.069023,64.527362],[-149.078731,64.534959],[-149.094625,64.544255],[-149.095798,64.546524],[-149.095863,64.554178],[-149.094955,64.554647],[-149.095835,64.555116],[-149.095949,64.558339],[-149.104079,64.567777],[-149.1067,64.569383],[-149.115271,64.570957],[-149.118195,64.573477],[-149.118901,64.575433],[-149.118505,64.590448],[-149.109466,64.60003],[-149.104924,64.60225],[-149.093455,64.604482],[-149.088202,64.606302],[-149.070188,64.616046],[-149.062214,64.624344],[-149.054349,64.628595],[-149.010011,64.639298],[-148.938156,64.667598],[-148.909916,64.673129],[-148.901474,64.676359],[-148.891289,64.676022],[-148.877245,64.678016],[-148.846468,64.688976],[-148.836282,64.691321],[-148.809046,64.700508],[-148.798276,64.702874],[-148.790365,64.703397],[-148.779015,64.701753],[-148.76262,64.696737],[-148.757417,64.697578],[-148.744024,64.697504],[-148.735118,64.701391],[-148.729893,64.702448],[-148.716883,64.701092],[-148.710578,64.698702],[-148.70695,64.698466],[-148.695175,64.70127],[-148.672006,64.703897],[-148.655241,64.703591],[-148.631877,64.707764],[-148.623897,64.711235],[-148.615974,64.713085],[-148.599345,64.713736],[-148.586614,64.715312],[-148.57649,64.712169],[-148.571594,64.711941],[-148.56093,64.715866],[-148.556942,64.716589],[-148.550965,64.715618],[-148.544236,64.711049],[-148.538902,64.70951],[-148.521431,64.709625],[-148.503548,64.708426],[-148.481866,64.715055],[-148.478935,64.717267],[-148.477036,64.720953],[-148.472332,64.723169],[-148.434321,64.730953],[-148.424995,64.737054],[-148.420608,64.74284],[-148.415198,64.744665],[-148.403299,64.746181],[-148.39528,64.751696],[-148.390765,64.753094],[-148.371519,64.757145],[-148.362731,64.757316],[-148.342237,64.762929],[-148.331544,64.765026],[-148.319276,64.764784],[-148.311123,64.761194],[-148.304613,64.761167],[-148.287944,64.767291],[-148.264053,64.770934],[-148.258956,64.774495],[-148.247773,64.778728],[-148.235389,64.785521],[-148.229757,64.78714],[-148.210987,64.788563],[-148.187504,64.793544],[-148.165403,64.792067],[-148.154787,64.793285],[-148.144531,64.791398],[-148.140088,64.791702],[-148.128707,64.7955],[-148.105265,64.800689],[-148.096294,64.801714],[-148.090606,64.805211],[-148.063979,64.814482],[-148.030077,64.818651],[-148.026141,64.820617],[-148.020769,64.829199],[-148.010355,64.836074],[-148.00878,64.838549],[-148.008682,64.842912],[-148.003993,64.84559],[-147.997966,64.846109],[-147.981362,64.845132],[-147.952967,64.84624],[-147.939144,64.849167],[-147.922428,64.856569],[-147.916282,64.8574],[-147.900359,64.857738],[-147.887539,64.860064],[-147.881173,64.859593],[-147.876445,64.857891],[-147.865154,64.848338],[-147.856025,64.849151],[-147.766604,64.849271],[-147.742954,64.85218],[-147.733369,64.85226],[-147.722614,64.854428],[-147.708859,64.858586],[-147.696278,64.85886],[-147.694121,64.859977],[-147.690215,64.859819],[-147.694853,64.860023],[-147.695916,64.859812],[-147.696099,64.858719],[-147.696078,64.858179],[-147.690555,64.857084],[-147.690388,64.858175],[-147.695255,64.857963],[-147.696565,64.860006],[-147.697628,64.860004],[-147.696032,64.859393],[-147.697755,64.858996],[-147.709484,64.858783],[-147.714748,64.857279],[-147.715266,64.856677],[-147.714407,64.854527],[-147.717915,64.853165],[-147.723622,64.844267],[-147.725551,64.843896],[-147.722012,64.843219],[-147.715641,64.843702],[-147.71589,64.844593],[-147.715081,64.844945],[-147.710791,64.845154],[-147.705111,64.84812],[-147.700153,64.849507],[-147.701645,64.85035],[-147.701146,64.850759],[-147.700728,64.850337],[-147.712641,64.853288],[-147.715246,64.857212],[-147.718442,64.858701],[-147.735426,64.859878],[-147.761841,64.863919],[-147.769267,64.864257],[-147.777365,64.863508],[-147.802962,64.856935],[-147.812419,64.85589],[-147.813355,64.860855],[-147.815151,64.862455],[-147.818055,64.8635],[-147.830672,64.861466],[-147.831223,64.858254],[-147.832594,64.858015],[-147.844301,64.858076],[-147.84399,64.85916],[-147.841757,64.859096],[-147.84045,64.858168],[-147.8423,64.858545],[-147.840441,64.85922],[-147.841839,64.859389],[-147.852148,64.858964],[-147.853853,64.858163],[-147.842377,64.855674],[-147.861398,64.85636],[-147.85966,64.855772],[-147.841437,64.855358],[-147.840768,64.854742],[-147.842925,64.852759],[-147.843525,64.84942],[-147.84218,64.849121],[-147.767373,64.849213],[-147.742759,64.852209],[-147.731934,64.852489],[-147.708893,64.858587],[-147.696907,64.858708],[-147.692485,64.857836],[-147.691729,64.857068],[-147.690811,64.857078],[-147.69039,64.858098],[-147.695413,64.857955],[-147.695749,64.859697],[-147.687101,64.859883],[-147.684973,64.858591],[-147.676807,64.858501],[-147.677341,64.855985],[-147.6799,64.854266],[-147.696298,64.84923],[-147.703595,64.844705],[-147.704971,64.842181],[-147.705415,64.836611],[-147.710371,64.830941],[-147.7098,64.823115],[-147.70733,64.821537],[-147.703351,64.820629],[-147.67302,64.820288],[-147.656099,64.816632],[-147.599617,64.813099],[-147.589521,64.811571],[-147.520109,64.790223],[-147.501788,64.783325],[-147.473632,64.775732],[-147.461769,64.77369],[-147.436047,64.77145],[-147.392028,64.765512],[-147.367318,64.763875],[-147.309676,64.743153],[-147.249965,64.723813],[-147.239396,64.721684],[-147.205509,64.717307],[-147.176145,64.711793],[-147.142784,64.702373],[-147.1107,64.667966],[-147.10126,64.659594],[-147.079537,64.63511],[-147.067465,64.623638],[-147.064527,64.613544],[-147.063014,64.603583],[-147.059626,64.595261],[-147.020865,64.54005],[-147.019748,64.535601],[-147.013046,64.532013],[-147.000231,64.530397],[-146.994254,64.528337],[-146.971092,64.513164],[-146.970233,64.510648],[-146.973906,64.489147],[-146.980654,64.480348],[-146.980024,64.477897],[-146.970971,64.473384],[-146.964573,64.471298],[-146.936493,64.469858],[-146.927781,64.468534],[-146.922635,64.466132],[-146.897444,64.428836],[-146.896326,64.425835],[-146.897516,64.423238],[-146.902479,64.418289],[-146.916855,64.410802],[-146.917928,64.408332],[-146.915322,64.403535],[-146.919454,64.399171],[-146.919646,64.39807],[-146.919099,64.397003],[-146.912993,64.393416],[-146.908306,64.389193],[-146.896658,64.386729],[-146.890922,64.382326],[-146.873991,64.364077],[-146.866758,64.357374],[-146.865865,64.355179],[-146.866415,64.353827],[-146.871153,64.348589],[-146.872165,64.346482],[-146.870385,64.344233],[-146.860359,64.338188],[-146.853135,64.337537],[-146.842224,64.340442],[-146.837314,64.34039],[-146.827917,64.337739],[-146.814302,64.337661],[-146.792109,64.333691],[-146.748557,64.328449],[-146.74059,64.326472],[-146.721019,64.318512],[-146.715778,64.317737],[-146.70473,64.317875],[-146.69341,64.316224],[-146.689963,64.314688],[-146.683679,64.309631],[-146.675434,64.306129],[-146.668488,64.304359],[-146.664291,64.304341],[-146.654992,64.305984],[-146.645,64.309697],[-146.560737,64.314132],[-146.528722,64.310181],[-146.507431,64.304753],[-146.490516,64.297737],[-146.488746,64.2966],[-146.485426,64.291606],[-146.477979,64.288367],[-146.47234,64.288285],[-146.451307,64.290649],[-146.43645,64.290054],[-146.418811,64.291065],[-146.394985,64.290759],[-146.38886,64.289888],[-146.365052,64.29176],[-146.34885,64.288298],[-146.3358,64.282545],[-146.319073,64.280494],[-146.311706,64.28082],[-146.30162,64.284938],[-146.296558,64.285837],[-146.288523,64.285323],[-146.276803,64.28227],[-146.264326,64.283373],[-146.25733,64.282766],[-146.223734,64.270965],[-146.212016,64.267884],[-146.196478,64.265387],[-146.168492,64.257062],[-146.122993,64.258353],[-146.102815,64.260652],[-146.094035,64.259956],[-146.07486,64.253259],[-146.036326,64.234706],[-146.017622,64.229759],[-146.014232,64.225147],[-146.012222,64.224065],[-145.996952,64.218693],[-145.992144,64.21755],[-145.976065,64.216997],[-145.965239,64.214588],[-145.947329,64.208143],[-145.93874,64.202958],[-145.928974,64.201431],[-145.898786,64.192003],[-145.885287,64.182704],[-145.881229,64.17765],[-145.874858,64.171664],[-145.871338,64.165922],[-145.858044,64.161656],[-145.853945,64.158055],[-145.848852,64.155235],[-145.848338,64.155463],[-145.851771,64.156822],[-145.804569,64.135062],[-145.764809,64.102324],[-145.743954,64.067353],[-145.734741,64.058785],[-145.738799,64.047336],[-145.736231,64.042463],[-145.737135,64.042257],[-145.733962,64.039047],[-145.729642,64.02984],[-145.725487,64.027025],[-145.724881,64.025207],[-145.730117,64.012069],[-145.741504,63.997789],[-145.742106,63.991685],[-145.742869,63.9907],[-145.741691,63.989813],[-145.74052,63.983619],[-145.741052,63.9818],[-145.745503,63.975528],[-145.763704,63.957817],[-145.786951,63.90985],[-145.780582,63.897011],[-145.778995,63.88725],[-145.777035,63.883477],[-145.773445,63.880298],[-145.740348,63.857757],[-145.737106,63.853918],[-145.736721,63.850255],[-145.754165,63.781376],[-145.755745,63.778539],[-145.77022,63.767355],[-145.773602,63.765795],[-145.783737,63.762867],[-145.802598,63.762243],[-145.810597,63.75849],[-145.817102,63.753899],[-145.836791,63.74778],[-145.854006,63.743853],[-145.855705,63.742112],[-145.857019,63.734098],[-145.86278,63.727446],[-145.865425,63.722543],[-145.865191,63.720147],[-145.861816,63.718124],[-145.86169,63.717097],[-145.866204,63.712974],[-145.869185,63.708862],[-145.880466,63.703911],[-145.883761,63.700049],[-145.88344,63.6966],[-145.891928,63.692389],[-145.889421,63.686056],[-145.88257,63.676204],[-145.883239,63.674238],[-145.888287,63.667692],[-145.892864,63.65683],[-145.890928,63.632497],[-145.889086,63.630117],[-145.867794,63.618246],[-145.864483,63.613221],[-145.86517,63.611655],[-145.87217,63.606179],[-145.873294,63.597994],[-145.870282,63.587774],[-145.866665,63.582221],[-145.869435,63.576326],[-145.860397,63.563095],[-145.861135,63.546486],[-145.86386,63.540531],[-145.86396,63.53842],[-145.859786,63.529815],[-145.853644,63.522711],[-145.856842,63.515072],[-145.860359,63.509977],[-145.861203,63.499887],[-145.860006,63.493285],[-145.856093,63.486312],[-145.854154,63.479741],[-145.8441,63.468747],[-145.833454,63.462698],[-145.823186,63.458533],[-145.815207,63.452001],[-145.796623,63.44205],[-145.785323,63.437222],[-145.774335,63.429831],[-145.758064,63.423541],[-145.750303,63.416699],[-145.74307,63.41194],[-145.736392,63.404653],[-145.734516,63.400687],[-145.735073,63.396106],[-145.731304,63.392982],[-145.729075,63.388246],[-145.731112,63.384462],[-145.730321,63.379396],[-145.732324,63.376126],[-145.732297,63.374792],[-145.729732,63.368483],[-145.728418,63.357915],[-145.728872,63.351528],[-145.730571,63.345844],[-145.733055,63.34325],[-145.734343,63.338783],[-145.737253,63.334716],[-145.735323,63.331727],[-145.729429,63.328094],[-145.729567,63.32531],[-145.727162,63.320597],[-145.722567,63.31549],[-145.724352,63.312531],[-145.723827,63.311672],[-145.711194,63.308407],[-145.704004,63.308203],[-145.689513,63.309768],[-145.684076,63.308989],[-145.676596,63.29949],[-145.664837,63.291117],[-145.6606,63.286073],[-145.656601,63.279416],[-145.656758,63.277248],[-145.660694,63.274336],[-145.679003,63.269894],[-145.682254,63.268363],[-145.683179,63.26711],[-145.685997,63.256356],[-145.686584,63.251524],[-145.685928,63.25006],[-145.666334,63.235156],[-145.661373,63.229865],[-145.653069,63.22495],[-145.646441,63.217415],[-145.635393,63.209731],[-145.622023,63.206581],[-145.599814,63.203544],[-145.595212,63.200996],[-145.585669,63.198089],[-145.576387,63.193462],[-145.544857,63.18699],[-145.541625,63.183735],[-145.540335,63.183343],[-145.541162,63.183329],[-145.532992,63.173891],[-145.532004,63.171031],[-145.533056,63.168106],[-145.528337,63.157286],[-145.528796,63.15611],[-145.531943,63.15414],[-145.543084,63.149876],[-145.544412,63.147683],[-145.530844,63.141721],[-145.519806,63.139812],[-145.509236,63.135707],[-145.492659,63.125852],[-145.492292,63.124979],[-145.492964,63.123101],[-145.49559,63.120408],[-145.495242,63.119449],[-145.491232,63.117025],[-145.488751,63.112596],[-145.49274,63.10688],[-145.491003,63.101176],[-145.493039,63.098976],[-145.497565,63.096482],[-145.500355,63.093475],[-145.501103,63.085283],[-145.512547,63.078476],[-145.51345,63.077254],[-145.514158,63.069979],[-145.511274,63.060947],[-145.501072,63.05525],[-145.49824,63.052505],[-145.494616,63.037668],[-145.494821,63.033311],[-145.49621,63.028834],[-145.490506,63.013216],[-145.492327,63.009389],[-145.493059,63.005021],[-145.492633,63.002167],[-145.494905,62.996852],[-145.503312,62.986908],[-145.503643,62.979836],[-145.510616,62.97227],[-145.510925,62.966019],[-145.510059,62.959327],[-145.510889,62.954273],[-145.512236,62.951195],[-145.514837,62.948388],[-145.515422,62.946198],[-145.51052,62.936636],[-145.506156,62.931871],[-145.507045,62.926583],[-145.501144,62.921578],[-145.491878,62.918387],[-145.488011,62.912713],[-145.485938,62.883167],[-145.481022,62.879731],[-145.478022,62.875142],[-145.475974,62.866241],[-145.478404,62.862597],[-145.476295,62.858863],[-145.472118,62.854277],[-145.470671,62.844732],[-145.471627,62.841884],[-145.476093,62.834923],[-145.483416,62.832126],[-145.484169,62.827006],[-145.491396,62.821139],[-145.49348,62.816947],[-145.496808,62.813189],[-145.49832,62.80696],[-145.497657,62.805132],[-145.495936,62.803625],[-145.482835,62.79757],[-145.476899,62.793787],[-145.472304,62.788481],[-145.467487,62.776719],[-145.464027,62.761766],[-145.453777,62.749979],[-145.440715,62.741519],[-145.437246,62.736656],[-145.436395,62.728456],[-145.433036,62.712707],[-145.434295,62.710517],[-145.441636,62.704053],[-145.444886,62.698686],[-145.452048,62.692418],[-145.452343,62.690214],[-145.450425,62.684885],[-145.452486,62.681692],[-145.455522,62.679836],[-145.467808,62.675616],[-145.482073,62.666216],[-145.484584,62.663411],[-145.485239,62.661276],[-145.485179,62.653507],[-145.483573,62.648989],[-145.475812,62.640596],[-145.47267,62.634081],[-145.467496,62.631246],[-145.454661,62.626529],[-145.444358,62.619618],[-145.443222,62.617192],[-145.445051,62.608345],[-145.488307,62.576292],[-145.490076,62.572866],[-145.495323,62.566766],[-145.495844,62.564555],[-145.495318,62.561328],[-145.496353,62.559177],[-145.509527,62.547109],[-145.510908,62.544949],[-145.512339,62.539297],[-145.516633,62.534882],[-145.517005,62.531573],[-145.514606,62.524919],[-145.516211,62.518163],[-145.515137,62.516109],[-145.508758,62.510434],[-145.503131,62.506909],[-145.500218,62.503516],[-145.497481,62.501868],[-145.48206,62.497835],[-145.476928,62.49337],[-145.465087,62.48844],[-145.439903,62.483367],[-145.428922,62.475385],[-145.427,62.472267],[-145.424426,62.465075],[-145.416309,62.459168],[-145.414658,62.456786],[-145.413437,62.442895],[-145.414879,62.436446],[-145.411039,62.430881],[-145.409085,62.424626],[-145.403058,62.420179],[-145.388368,62.415636],[-145.382693,62.412669],[-145.381159,62.410548],[-145.377675,62.399353],[-145.37044,62.394257],[-145.368354,62.390709],[-145.364416,62.387234],[-145.360999,62.381039],[-145.360927,62.378631],[-145.365546,62.372052],[-145.366371,62.368934],[-145.373304,62.363865],[-145.373406,62.361738],[-145.370781,62.354192],[-145.366612,62.349798],[-145.367247,62.340957],[-145.366639,62.339112],[-145.362582,62.3341],[-145.358353,62.330982],[-145.352826,62.32204],[-145.351937,62.318258],[-145.345439,62.314562],[-145.343627,62.311998],[-145.344894,62.309725],[-145.350674,62.304451],[-145.353441,62.287424],[-145.355332,62.285308],[-145.366116,62.280114],[-145.37349,62.272961],[-145.376379,62.27142],[-145.406703,62.26628],[-145.412135,62.264416],[-145.422042,62.257571],[-145.433687,62.243573],[-145.443903,62.214388],[-145.444159,62.211532],[-145.442102,62.202922],[-145.445556,62.193415],[-145.451257,62.188164],[-145.460341,62.161556],[-145.477097,62.146945],[-145.47834,62.145045],[-145.477713,62.122521],[-145.476125,62.109173],[-145.474089,62.106284],[-145.457759,62.094715],[-145.438795,62.083968],[-145.436467,62.080776],[-145.43545,62.078429],[-145.435177,62.07193],[-145.427268,62.05872],[-145.426767,62.059115],[-145.426986,62.056393],[-145.435416,62.042337],[-145.435598,62.04109],[-145.434307,62.039215],[-145.422508,62.034753],[-145.400928,62.029398],[-145.393824,62.025419],[-145.375282,62.020209],[-145.362457,62.015262],[-145.358671,62.012658],[-145.357638,62.010288],[-145.357143,61.989541],[-145.345448,61.970869],[-145.334179,61.960583],[-145.3129,61.947967],[-145.310211,61.945639],[-145.308714,61.942378],[-145.307755,61.932535],[-145.302125,61.924632],[-145.298578,61.917195],[-145.295203,61.914365],[-145.284083,61.909007],[-145.279468,61.904731],[-145.247744,61.864412],[-145.241158,61.858345],[-145.238607,61.853479],[-145.217519,61.825455],[-145.213758,61.812608],[-145.210506,61.81019],[-145.19494,61.803144],[-145.191234,61.800729],[-145.190051,61.799008],[-145.189169,61.79524],[-145.191805,61.790633],[-145.191739,61.788181],[-145.190838,61.786882],[-145.175695,61.774007],[-145.157596,61.762148],[-145.154949,61.747767],[-145.160308,61.734273],[-145.163794,61.721551],[-145.16244,61.708675],[-145.145684,61.709234],[-144.953199,61.73545],[-144.943827,61.735082],[-144.934433,61.731602],[-144.927423,61.727729],[-144.909816,61.720613],[-144.902064,61.716464],[-144.827856,61.688727],[-144.799715,61.682766],[-144.768021,61.679582],[-144.750525,61.676712],[-144.723882,61.673707],[-144.701325,61.672134],[-144.690291,61.67262],[-144.671952,61.670477],[-144.669338,61.668921],[-144.665336,61.664538],[-144.665365,61.658883],[-144.663883,61.656436],[-144.65527,61.652652],[-144.642869,61.643243],[-144.63009,61.640036],[-144.620329,61.639965],[-144.614605,61.63717],[-144.598392,61.634733],[-144.586951,61.631473],[-144.568912,61.628932],[-144.553767,61.624929],[-144.547311,61.622389],[-144.541765,61.621823],[-144.527518,61.618248],[-144.505846,61.616529],[-144.492628,61.612309],[-144.485798,61.611541],[-144.476503,61.607205],[-144.464266,61.603271],[-144.460299,61.600777],[-144.454612,61.591335],[-144.447788,61.586635],[-144.442115,61.584845],[-144.435914,61.57974],[-144.435389,61.575878],[-144.436848,61.573137],[-144.449145,61.562441],[-144.450399,61.560417],[-144.449951,61.559474],[-144.445777,61.557818],[-144.444264,61.55623],[-144.447344,61.551821],[-144.449523,61.533907],[-144.447909,61.529434],[-144.443359,61.525497],[-144.441555,61.522805],[-144.440904,61.51516],[-144.428148,61.515054],[-144.423982,61.519624],[-144.416514,61.52406],[-144.402955,61.529418],[-144.395175,61.531204],[-144.383727,61.531974],[-144.376508,61.535736],[-144.375113,61.537339],[-144.372627,61.538017],[-144.36247,61.53317],[-144.354471,61.53285],[-144.351388,61.529045],[-144.35218,61.526014],[-144.350324,61.522667],[-144.34515,61.521966],[-144.340798,61.522646],[-144.33415,61.521286],[-144.314015,61.522549],[-144.307953,61.526414],[-144.302874,61.527648],[-144.295365,61.526537],[-144.292998,61.525174],[-144.29111,61.522903],[-144.275945,61.520607],[-144.264972,61.520621],[-144.260151,61.522622],[-144.253125,61.521751],[-144.244835,61.521842],[-144.229739,61.523905],[-144.22538,61.522481],[-144.203104,61.521225],[-144.192811,61.519552],[-144.174113,61.519344],[-144.171716,61.520317],[-144.170639,61.522012],[-144.16108,61.526135],[-144.136652,61.524497],[-144.103906,61.518311],[-144.0928,61.516955],[-144.081219,61.512887],[-144.065772,61.509707],[-144.039432,61.498399],[-144.023639,61.493686],[-144.021689,61.492357],[-144.015814,61.491233],[-144.01458,61.489979],[-144.017218,61.486948],[-144.017098,61.485416],[-144.009095,61.482093],[-144.008188,61.477801],[-144.000533,61.474832],[-143.9922,61.474466],[-143.960339,61.470342],[-143.944266,61.466971],[-143.939227,61.467158],[-143.929527,61.469243],[-143.92295,61.471778],[-143.912454,61.470075],[-143.903889,61.469707],[-143.886868,61.466478],[-143.878167,61.46617],[-143.86793,61.463982],[-143.864047,61.461771],[-143.860681,61.4611],[-143.857095,61.461394],[-143.852975,61.462904],[-143.844384,61.463252],[-143.82991,61.461137],[-143.817098,61.457889],[-143.781111,61.45455],[-143.761841,61.455397],[-143.760474,61.454908],[-143.758817,61.452423],[-143.749828,61.447467],[-143.747772,61.445139],[-143.738876,61.442695],[-143.731519,61.438591],[-143.727193,61.437199],[-143.721005,61.438272],[-143.717756,61.437653],[-143.719306,61.436321],[-143.718576,61.431489],[-143.71311,61.430312],[-143.707693,61.426889],[-143.699599,61.418131],[-143.696414,61.412377],[-143.693829,61.410007],[-143.661762,61.39767],[-143.6583,61.394476],[-143.636937,61.382884],[-143.595831,61.373793],[-143.582043,61.368691],[-143.563263,61.367709],[-143.548571,61.364701],[-143.530423,61.363944],[-143.514993,61.361704],[-143.484441,61.363298],[-143.466966,61.36238],[-143.458976,61.364269],[-143.428415,61.366784],[-143.418456,61.36526],[-143.402181,61.368852],[-143.373884,61.371373],[-143.356697,61.374259],[-143.351327,61.374226],[-143.315866,61.378014],[-143.306636,61.377829],[-143.300578,61.380364],[-143.288919,61.382418],[-143.285184,61.383758],[-143.274948,61.385213],[-143.266463,61.384925],[-143.261381,61.386498],[-143.247953,61.385221],[-143.244388,61.386795],[-143.232036,61.387852],[-143.203795,61.385525],[-143.197624,61.388029],[-143.183311,61.386596],[-143.17564,61.386854],[-143.164821,61.391947],[-143.13958,61.399308],[-143.097422,61.404582],[-143.079536,61.40328],[-143.071369,61.405054],[-143.065119,61.407749],[-143.049469,61.409044],[-143.02784,61.412232],[-143.014309,61.416331],[-143.010011,61.418595],[-143.005486,61.41953],[-142.993546,61.424932],[-142.990638,61.427479],[-142.971806,61.436484],[-142.941021,61.43373],[-142.920445,61.434773],[-142.92302,61.432793],[-142.922971,61.433435],[-142.917161,61.435891],[-142.883753,61.446798],[-142.880341,61.45114],[-142.875623,61.462202],[-142.874838,61.466661],[-142.875487,61.469552],[-142.878953,61.475663],[-142.885227,61.481256],[-142.887152,61.482134],[-142.885883,61.481545],[-142.892779,61.489404],[-142.893256,61.490425],[-142.892548,61.491385],[-142.892336,61.495896],[-142.894482,61.500103],[-142.899238,61.504771],[-142.900735,61.508737],[-142.900956,61.511803],[-142.906211,61.514446],[-142.909673,61.514408],[-142.909916,61.513348],[-142.912809,61.513732],[-142.911171,61.513128],[-142.911798,61.512204],[-142.916042,61.512768],[-142.919742,61.515011],[-142.921195,61.517009],[-142.920249,61.517296],[-142.921246,61.518012],[-142.919828,61.518384],[-142.921682,61.519012],[-142.921245,61.52085],[-142.91981,61.520644],[-142.921287,61.520717],[-142.922072,61.519851],[-142.920324,61.516314],[-142.915313,61.514706],[-142.904856,61.513993],[-142.900976,61.51171],[-142.90084,61.508807],[-142.899134,61.504477],[-142.894422,61.499887],[-142.892461,61.495941],[-142.892598,61.491125],[-142.893339,61.490242],[-142.891798,61.487742],[-142.884799,61.48107],[-142.92304,61.432773],[-142.923289,61.433287],[-142.920667,61.434727],[-142.924678,61.431646],[-142.926033,61.431667],[-142.92595,61.432205],[-142.923841,61.43241],[-142.920352,61.434732],[-142.94143,61.433752],[-142.971654,61.436547],[-142.990417,61.427654],[-142.994042,61.424682],[-143.005121,61.419717],[-143.027905,61.412225],[-143.049554,61.409057],[-143.065828,61.407666],[-143.070789,61.405225],[-143.078906,61.403346],[-143.09702,61.404643],[-143.138983,61.399428],[-143.165459,61.391761],[-143.174145,61.387282],[-143.177045,61.386675],[-143.197963,61.388024],[-143.203281,61.385571],[-143.230759,61.38791],[-143.243418,61.38696],[-143.247915,61.385236],[-143.260958,61.386545],[-143.267098,61.38487],[-143.275987,61.385167],[-143.284562,61.383937],[-143.288103,61.382594],[-143.300925,61.380283],[-143.306522,61.377843],[-143.315919,61.378003],[-143.357557,61.374187],[-143.374121,61.371344],[-143.402266,61.368856],[-143.419529,61.365139],[-143.429262,61.366808],[-143.459505,61.364209],[-143.467237,61.36236],[-143.484247,61.363331],[-143.515614,61.361713],[-143.531282,61.36403],[-143.55049,61.36492],[-143.563573,61.36777],[-143.581429,61.3686],[-143.595579,61.373737],[-143.636888,61.382899],[-143.65829,61.394498],[-143.662174,61.397938],[-143.694571,61.410564],[-143.697903,61.414638],[-143.699449,61.41804],[-143.707747,61.42699],[-143.713526,61.430569],[-143.718626,61.431592],[-143.719148,61.436561],[-143.717637,61.437785],[-143.720446,61.438415],[-143.727207,61.437238],[-143.731234,61.438515],[-143.739271,61.442869],[-143.748352,61.445497],[-143.750409,61.448012],[-143.758512,61.452281],[-143.760684,61.455058],[-143.76217,61.455448],[-143.780786,61.454555],[-143.817295,61.457923],[-143.829279,61.461049],[-143.845495,61.463352],[-143.852815,61.462952],[-143.857887,61.461277],[-143.861062,61.461172],[-143.863821,61.461724],[-143.868029,61.464026],[-143.877983,61.46615],[-143.886622,61.466458],[-143.90333,61.469654],[-143.912626,61.470119],[-143.923282,61.471789],[-143.930966,61.469],[-143.93884,61.467244],[-143.944001,61.46698],[-143.960039,61.47032],[-143.992247,61.474472],[-144.00032,61.474817],[-144.008209,61.477865],[-144.00924,61.482244],[-144.017155,61.485535],[-144.017147,61.486903],[-144.014568,61.489858],[-144.015742,61.491244],[-144.021368,61.492234],[-144.023355,61.493605],[-144.040028,61.498601],[-144.066839,61.510123],[-144.081127,61.512884],[-144.09245,61.516913],[-144.103941,61.51833],[-144.135592,61.52432],[-144.161565,61.526121],[-144.171002,61.521784],[-144.171781,61.520236],[-144.173907,61.519361],[-144.192856,61.519561],[-144.202678,61.521179],[-144.224409,61.522389],[-144.230077,61.523962],[-144.245011,61.521844],[-144.252755,61.521706],[-144.259144,61.522641],[-144.265039,61.520616],[-144.276689,61.520618],[-144.290658,61.522772],[-144.294233,61.526128],[-144.302614,61.527664],[-144.307011,61.526843],[-144.314156,61.522513],[-144.326367,61.522034],[-144.325965,61.521457],[-144.329591,61.522088],[-144.334197,61.521309],[-144.340826,61.522646],[-144.346608,61.521994],[-144.351159,61.52323],[-144.352194,61.526325],[-144.351339,61.529193],[-144.354647,61.532987],[-144.362781,61.53325],[-144.370767,61.537672],[-144.372849,61.53804],[-144.374949,61.537484],[-144.377013,61.535429],[-144.384038,61.531891],[-144.395267,61.531203],[-144.402573,61.52953],[-144.415537,61.524499],[-144.424067,61.519582],[-144.428072,61.51507],[-144.439616,61.514934],[-144.440966,61.515265],[-144.441882,61.523683],[-144.447526,61.529061],[-144.449335,61.533241],[-144.447267,61.551712],[-144.444231,61.55598],[-144.445014,61.557445],[-144.450321,61.560223],[-144.449448,61.562049],[-144.436755,61.573152],[-144.435413,61.575293],[-144.435647,61.579185],[-144.441219,61.584284],[-144.446898,61.586189],[-144.454573,61.591419],[-144.459674,61.600193],[-144.461837,61.602065],[-144.469708,61.605492],[-144.477066,61.607487],[-144.485001,61.611336],[-144.493675,61.612663],[-144.505709,61.616542],[-144.526454,61.618086],[-144.540878,61.621645],[-144.548057,61.622518],[-144.553161,61.624796],[-144.568931,61.628973],[-144.588449,61.631777],[-144.599828,61.635057],[-144.61534,61.637388],[-144.618523,61.639597],[-144.620494,61.640009],[-144.630227,61.640076],[-144.6425,61.643132],[-144.656202,61.653319],[-144.664331,61.656916],[-144.665454,61.659824],[-144.664884,61.663974],[-144.669603,61.669329],[-144.672633,61.670669],[-144.690498,61.672681],[-144.700502,61.672146],[-144.725264,61.673855],[-144.751278,61.676842],[-144.768106,61.679638],[-144.800156,61.682885],[-144.82805,61.688828],[-144.901186,61.71617],[-144.940494,61.734111],[-144.948936,61.735712],[-145.145972,61.709232],[-145.161814,61.708527],[-145.163632,61.721987],[-145.160122,61.734586],[-145.154918,61.746966],[-145.157351,61.761918],[-145.160376,61.76459],[-145.17562,61.774016],[-145.190526,61.786685],[-145.19188,61.788904],[-145.191828,61.79034],[-145.189693,61.793502],[-145.18917,61.796331],[-145.189947,61.798941],[-145.191854,61.801364],[-145.21026,61.810133],[-145.213515,61.81248],[-145.214836,61.814883],[-145.217333,61.825203],[-145.239074,61.854201],[-145.241499,61.858766],[-145.247804,61.864579],[-145.279444,61.904776],[-145.284261,61.909195],[-145.294025,61.913801],[-145.29826,61.916931],[-145.302162,61.924825],[-145.307785,61.932793],[-145.308726,61.942842],[-145.309833,61.945266],[-145.31253,61.947768],[-145.333589,61.960258],[-145.345223,61.970723],[-145.357208,61.99005],[-145.357999,62.011839],[-145.361607,62.01495],[-145.370112,62.018338],[-145.367163,62.019973],[-145.363446,62.020826],[-145.363982,62.021312],[-145.362889,62.020198],[-145.36392,62.020373],[-145.363205,62.020259],[-145.363512,62.020821],[-145.362785,62.020453],[-145.364543,62.020326],[-145.363396,62.019879],[-145.364213,62.021222],[-145.363803,62.02069],[-145.370035,62.018592],[-145.362279,62.015176],[-145.358343,62.012244],[-145.357647,62.010125],[-145.357167,61.989583],[-145.345174,61.970511],[-145.333941,61.960397],[-145.331436,61.959933],[-145.326403,61.957295],[-145.321041,61.958336],[-145.315081,61.960675],[-145.314365,61.962259],[-145.31578,61.96356],[-145.314499,61.965276],[-145.302623,61.961649],[-145.298011,61.95743],[-145.298093,61.955992],[-145.29947,61.955211],[-145.304562,61.954093],[-145.297536,61.953577],[-145.30595,61.954029],[-145.309033,61.950684],[-145.309066,61.946506],[-145.309917,61.946045],[-145.308863,61.943127],[-145.307966,61.9331],[-145.301728,61.923888],[-145.299192,61.918004],[-145.295412,61.914462],[-145.284118,61.909001],[-145.279449,61.904684],[-145.247859,61.864498],[-145.241513,61.858665],[-145.238887,61.85377],[-145.217586,61.825537],[-145.214795,61.814473],[-145.21347,61.812277],[-145.21079,61.810325],[-145.194464,61.802923],[-145.190597,61.79998],[-145.189182,61.795569],[-145.19204,61.789517],[-145.191084,61.787128],[-145.176715,61.774752],[-145.159794,61.764125],[-145.156893,61.760784],[-145.154983,61.747089],[-145.160083,61.734966],[-145.163814,61.721593],[-145.162195,61.709385],[-145.163867,61.706703],[-145.170027,61.701935],[-145.17164,61.699428],[-145.166769,61.673135],[-145.16942,61.670785],[-145.17698,61.667724],[-145.182852,61.661968],[-145.188338,61.649323],[-145.192427,61.644328],[-145.192716,61.640763],[-145.19713,61.636267],[-145.199546,61.630961],[-145.204226,61.627326],[-145.209148,61.62074],[-145.212495,61.608792],[-145.220542,61.598256],[-145.223453,61.587319],[-145.228663,61.579649],[-145.233344,61.567356],[-145.236961,61.563114],[-145.237939,61.555792],[-145.237742,61.546905],[-145.239413,61.54241],[-145.235801,61.531203],[-145.235661,61.527227],[-145.227063,61.517795],[-145.221369,61.514937],[-145.215836,61.510386],[-145.200334,61.50105],[-145.183188,61.492642],[-145.163716,61.487904],[-145.160847,61.486559],[-145.149109,61.476983],[-145.146358,61.472959],[-145.13463,61.46754],[-145.115054,61.456038],[-145.113593,61.454159],[-145.111481,61.443408],[-145.113306,61.439804],[-145.119676,61.434318],[-145.14206,61.423131],[-145.157544,61.418876],[-145.186639,61.401641],[-145.20889,61.395617],[-145.22455,61.388231],[-145.249228,61.380633],[-145.265431,61.373227],[-145.28787,61.357915],[-145.301337,61.351624],[-145.308302,61.345105],[-145.309728,61.34285],[-145.312691,61.326771],[-145.312095,61.323909],[-145.308819,61.321415],[-145.284549,61.311406],[-145.27783,61.306492],[-145.275043,61.30256],[-145.272303,61.282119],[-145.276016,61.275821],[-145.283601,61.266772],[-145.284402,61.263938],[-145.283153,61.257022],[-145.288609,61.252317],[-145.306761,61.248282],[-145.328492,61.247696],[-145.334242,61.246427],[-145.346381,61.240748],[-145.362568,61.234546],[-145.36856,61.229155],[-145.377403,61.216395],[-145.380089,61.214455],[-145.384974,61.212666],[-145.400098,61.209661],[-145.433232,61.207154],[-145.451658,61.208878],[-145.477889,61.20895],[-145.494253,61.2065],[-145.515622,61.205076],[-145.548432,61.200727],[-145.557451,61.196493],[-145.581262,61.19244],[-145.602486,61.189312],[-145.621613,61.188037],[-145.6288,61.184888],[-145.644524,61.183428],[-145.652379,61.179746],[-145.677892,61.177609],[-145.689289,61.17573],[-145.703518,61.166783],[-145.707345,61.167628],[-145.712224,61.166407],[-145.714857,61.166632],[-145.712295,61.166391],[-145.706697,61.167537],[-145.704474,61.166152],[-145.708189,61.163247],[-145.710081,61.158011],[-145.711891,61.156161],[-145.724254,61.15036],[-145.72721,61.148049],[-145.737483,61.145856],[-145.742613,61.143834],[-145.745385,61.141542],[-145.745775,61.138324],[-145.744421,61.136519],[-145.73252,61.128683],[-145.726587,61.125942],[-145.720902,61.124935],[-145.700247,61.123631],[-145.675546,61.1257],[-145.672046,61.12482],[-145.67049,61.123527],[-145.670422,61.121977],[-145.671811,61.120648],[-145.675676,61.119597],[-145.722687,61.114544],[-145.763823,61.117864],[-145.779145,61.117097],[-145.815901,61.111538],[-145.831208,61.106018],[-145.857244,61.099956],[-145.869537,61.095531],[-145.885249,61.094087],[-145.889077,61.092408],[-145.889746,61.087528],[-145.894867,61.08513],[-145.895161,61.082524],[-145.89965,61.078026],[-145.899108,61.069607],[-145.901332,61.06827],[-145.908816,61.066423],[-145.91316,61.060344],[-145.919599,61.058053],[-145.925728,61.057989],[-145.953758,61.061617],[-146.01098,61.062898],[-146.03785,61.067535],[-146.058574,61.066796],[-146.075935,61.068614],[-146.117444,61.074768],[-146.132967,61.073858],[-146.146388,61.076165],[-146.171239,61.078053],[-146.18488,61.081837],[-146.19866,61.089212],[-146.225002,61.082201],[-146.252714,61.082886],[-146.28078,61.086118],[-146.297459,61.085794],[-146.306876,61.083306],[-146.305184,61.084301],[-146.305788,61.084197],[-146.306642,61.083387],[-146.296412,61.085879],[-146.282289,61.086113],[-146.26627,61.08492],[-146.253063,61.08289],[-146.224281,61.082223],[-146.199247,61.089169],[-146.257401,61.120772],[-146.28521,61.133092],[-146.304204,61.13697],[-146.312554,61.137899],[-146.331344,61.138161],[-146.335015,61.137493],[-146.345975,61.129835],[-146.345439,61.128895],[-146.347388,61.128766],[-146.349224,61.127601],[-146.346341,61.129623],[-146.344788,61.127412],[-146.351494,61.1269],[-146.34875,61.129106],[-146.346119,61.129651],[-146.344852,61.127649],[-146.351765,61.126957],[-146.348307,61.129156],[-146.345131,61.128326],[-146.348428,61.127858],[-146.348787,61.126671],[-146.350284,61.126028],[-146.349526,61.126612],[-146.351335,61.126867],[-146.349922,61.128561],[-146.35536,61.129137],[-146.354947,61.129654],[-146.354969,61.129082],[-146.354031,61.129424],[-146.355683,61.129318],[-146.35006,61.129061],[-146.351533,61.127263],[-146.349278,61.126587],[-146.350362,61.126108],[-146.348793,61.125646],[-146.352878,61.124749],[-146.356333,61.121045],[-146.364441,61.115362],[-146.379545,61.110399],[-146.410421,61.10923],[-146.421163,61.107645],[-146.438284,61.103108],[-146.454054,61.100294],[-146.488939,61.097757],[-146.513199,61.097763],[-146.527801,61.096388],[-146.558853,61.095654],[-146.58471,61.092746],[-146.597327,61.092377],[-146.613978,61.090034],[-146.624726,61.085873],[-146.645629,61.075587],[-146.65812,61.070339],[-146.682489,61.056494],[-146.692578,61.052061],[-146.703651,61.049371],[-146.719561,61.048222],[-146.73615,61.044881],[-146.767269,61.04047],[-146.775917,61.037809],[-146.803006,61.020022],[-146.841293,60.999569],[-146.846299,60.993841],[-146.855657,60.976066],[-146.862699,60.969736],[-146.863538,60.967721],[-146.859315,60.957802],[-146.851813,60.945592],[-146.850053,60.938143],[-146.850296,60.933161],[-146.849495,60.930687],[-146.839178,60.928985],[-146.830159,60.926239],[-146.826734,60.924143],[-146.82287,60.919756],[-146.820753,60.91844],[-146.819607,60.915488],[-146.820157,60.914469],[-146.828191,60.913357],[-146.848556,60.913327],[-146.90013,60.916159],[-146.984681,60.922512],[-147.050526,60.931608],[-147.062549,60.935106],[-147.078755,60.943127],[-147.082269,60.946762],[-147.084041,60.952447],[-147.084323,60.956829],[-147.08259,60.973912],[-147.076929,60.985835],[-147.074456,60.996614],[-147.070721,61.002821],[-147.068207,61.009436],[-147.069033,61.01263],[-147.068119,61.016355],[-147.070153,61.019233],[-147.077015,61.024813],[-147.077605,61.031487],[-147.076568,61.036759],[-147.074605,61.0403],[-147.076786,61.044316],[-147.076787,61.047913],[-147.081748,61.055905],[-147.083936,61.069572],[-147.080223,61.075726],[-147.084768,61.080467],[-147.092298,61.083741],[-147.092822,61.085243],[-147.091412,61.087602],[-147.094034,61.089598],[-147.097083,61.093532],[-147.097365,61.09515],[-147.099618,61.096655],[-147.100103,61.098079],[-147.09893,61.101589],[-147.094029,61.104389],[-147.088952,61.110154],[-147.087781,61.112076],[-147.087912,61.113885],[-147.090974,61.114332],[-147.090562,61.113131],[-147.089044,61.112339],[-147.089125,61.111547],[-147.091196,61.109601],[-147.090743,61.108069],[-147.094958,61.103402],[-147.097655,61.097884],[-147.096058,61.092123],[-147.097752,61.089577],[-147.097009,61.086886],[-147.097426,61.085051],[-147.098953,61.083053],[-147.091809,61.075862],[-147.08259,61.070751],[-147.080122,61.064233],[-147.078119,61.062143],[-147.077963,61.058908],[-147.081183,61.055541],[-147.079579,61.050506],[-147.08063,61.046241],[-147.079669,61.042854],[-147.076279,61.039198],[-147.07438,61.032905],[-147.073713,61.016916],[-147.074144,61.001775],[-147.070796,60.990838],[-147.076798,60.977861],[-147.076019,60.971704],[-147.077913,60.957192],[-147.076625,60.95258],[-147.074391,60.948734],[-147.066999,60.93938],[-147.051638,60.932487],[-147.02129,60.926652],[-146.994128,60.924481],[-146.975352,60.922127],[-146.967634,60.923095],[-146.95294,60.92742],[-146.921099,60.934468],[-146.892952,60.947076],[-146.884941,60.95396],[-146.87504,60.960067],[-146.832926,60.980951],[-146.813696,60.988765],[-146.798798,60.996052],[-146.739859,61.028053],[-146.689037,61.054116],[-146.660731,61.075848],[-146.642935,61.084931],[-146.629689,61.087808],[-146.607232,61.091256],[-146.393778,61.112011],[-146.360648,61.118981],[-146.356093,61.121741],[-146.353344,61.124408],[-146.34922,61.125459],[-146.350317,61.126145],[-146.348609,61.126686],[-146.360054,61.125303],[-146.359485,61.125322],[-146.360026,61.12427],[-146.358762,61.125556],[-146.344819,61.127225],[-146.345019,61.128345],[-146.346822,61.128786],[-146.337182,61.136357],[-146.332445,61.138021],[-146.309927,61.13768],[-146.289759,61.134315],[-146.284787,61.132865],[-146.266093,61.1246],[-146.249495,61.130245],[-146.217371,61.133404],[-146.214358,61.135282],[-146.205902,61.137166],[-146.201027,61.140219],[-146.175014,61.148088],[-146.168486,61.148849],[-146.173683,61.148477],[-146.189609,61.14381],[-146.201694,61.140009],[-146.205916,61.137216],[-146.21498,61.135142],[-146.218145,61.133246],[-146.250313,61.130136],[-146.265502,61.124581],[-146.186049,61.08242],[-146.171522,61.078066],[-146.14581,61.076027],[-146.133396,61.07386],[-146.120927,61.074862],[-146.115602,61.074559],[-146.076065,61.068596],[-146.058067,61.06671],[-146.038978,61.067589],[-146.0116,61.062914],[-145.954125,61.061618],[-145.923731,61.057809],[-145.917914,61.058318],[-145.914236,61.05961],[-145.9118,61.061529],[-145.90884,61.06635],[-145.901661,61.068155],[-145.899029,61.069572],[-145.89933,61.07831],[-145.895201,61.082227],[-145.894903,61.084936],[-145.889642,61.087529],[-145.889368,61.091827],[-145.887308,61.093475],[-145.869241,61.09553],[-145.85721,61.099919],[-145.830061,61.106318],[-145.815007,61.111709],[-145.77114,61.117768],[-145.76144,61.117647],[-145.724164,61.114465],[-145.673342,61.119949],[-145.670789,61.121254],[-145.670087,61.122717],[-145.671153,61.124402],[-145.675243,61.125752],[-145.699491,61.123687],[-145.720995,61.124899],[-145.698836,61.123632],[-145.675942,61.125746],[-145.672429,61.12503],[-145.67017,61.12263],[-145.671927,61.120563],[-145.674731,61.119694],[-145.722551,61.114558],[-145.768651,61.117933],[-145.780459,61.116938],[-145.815797,61.111554],[-145.831395,61.105965],[-145.85731,61.099919],[-145.870575,61.095303],[-145.884043,61.094317],[-145.888169,61.0931],[-145.889527,61.09158],[-145.889661,61.087584],[-145.894757,61.08518],[-145.894199,61.085087],[-145.895101,61.08434],[-145.895663,61.081785],[-145.899287,61.078433],[-145.898919,61.070807],[-145.899685,61.069096],[-145.909102,61.06626],[-145.911603,61.061951],[-145.914339,61.059628],[-145.919015,61.058153],[-145.923012,61.057842],[-145.952916,61.061577],[-146.010721,61.062884],[-146.038146,61.067579],[-146.058174,61.066773],[-146.077445,61.068834],[-146.117037,61.074741],[-146.133577,61.073912],[-146.147238,61.07623],[-146.169002,61.077802],[-146.184052,61.081518],[-146.199508,61.089156],[-146.221428,61.082782],[-146.226348,61.082175],[-146.252031,61.082881],[-146.266473,61.085002],[-146.282514,61.086162],[-146.297129,61.085843],[-146.306286,61.083332],[-146.33236,61.082727],[-146.344552,61.086825],[-146.343406,61.086676],[-146.346731,61.086459],[-146.342237,61.086237],[-146.334209,61.082899],[-146.305257,61.083368],[-146.297597,61.085737],[-146.280998,61.08611],[-146.252142,61.082855],[-146.22576,61.082139],[-146.221846,61.082625],[-146.199194,61.089173],[-146.256665,61.120388],[-146.288122,61.134013],[-146.309246,61.137655],[-146.331203,61.138149],[-146.336576,61.136793],[-146.346277,61.12971],[-146.352836,61.129154],[-146.357131,61.130849],[-146.359634,61.130841],[-146.36023,61.129214],[-146.380375,61.1311],[-146.388044,61.134695],[-146.380729,61.131093],[-146.378551,61.132391],[-146.360377,61.130805],[-146.359888,61.136968],[-146.350362,61.136977],[-146.350082,61.135327],[-146.350926,61.134685],[-146.349332,61.133144],[-146.353711,61.133172],[-146.354353,61.132788],[-146.354249,61.131389],[-146.34506,61.130802],[-146.347508,61.128824],[-146.347093,61.129272],[-146.359864,61.129079],[-146.360173,61.125027],[-146.365808,61.124262],[-146.3651,61.123327],[-146.365285,61.12406],[-146.366486,61.123967],[-146.365759,61.123752],[-146.374075,61.122073],[-146.484511,61.108783],[-146.613626,61.092389],[-146.620027,61.090944],[-146.670698,61.066948],[-146.687813,61.051459],[-146.864222,60.949751],[-146.989015,60.903602],[-147.023323,60.885686],[-147.046863,60.876661],[-147.133398,60.848579],[-147.143345,60.847352],[-147.190018,60.845031],[-147.228079,60.841764],[-147.383691,60.832814],[-147.452095,60.827896],[-147.607821,60.820681],[-147.609979,60.820163],[-147.610732,60.818972],[-147.6145,60.820395],[-147.672843,60.817753],[-147.747806,60.801746],[-147.850617,60.778357],[-147.929604,60.778646],[-147.93588,60.778233],[-147.94201,60.776492],[-147.953644,60.778312],[-148.034965,60.778058],[-148.098009,60.778692],[-148.125774,60.780173],[-148.131771,60.780147],[-148.132459,60.779501],[-148.143174,60.780908],[-148.36098,60.791589],[-148.377827,60.795136],[-148.445718,60.813276],[-148.495258,60.814308],[-148.565484,60.814408],[-148.571882,60.813756],[-148.679765,60.781817],[-148.682256,60.780337],[-148.681737,60.777771],[-148.680787,60.777268],[-148.682985,60.776253],[-148.694493,60.77645],[-148.686349,60.774598],[-148.687085,60.772685],[-148.684678,60.77239],[-148.680895,60.773681],[-148.68161,60.774172],[-148.681123,60.774748],[-148.681744,60.774283],[-148.680221,60.773666],[-148.670311,60.775846],[-148.672882,60.774351],[-148.670323,60.775487],[-148.674157,60.775381],[-148.68022,60.773716],[-148.690228,60.775048],[-148.694409,60.776682],[-148.693703,60.777067],[-148.694557,60.777369],[-148.6931,60.777468],[-148.704361,60.777045],[-148.711973,60.775135],[-148.718374,60.774974],[-148.814271,60.790302],[-148.81839,60.789953],[-148.822031,60.787402],[-148.829572,60.785371],[-148.84901,60.785247],[-148.843979,60.783467],[-148.845813,60.78395],[-148.844131,60.781632],[-148.846305,60.779081],[-148.846463,60.77688],[-148.843475,60.773643],[-148.843338,60.77223],[-148.842176,60.771798],[-148.835621,60.770244],[-148.830186,60.770977],[-148.829576,60.772085],[-148.827393,60.772754],[-148.807072,60.775823],[-148.799243,60.771146],[-148.789426,60.767472],[-148.7827,60.760984],[-148.780961,60.756876],[-148.781612,60.754773],[-148.786509,60.751598],[-148.792488,60.754059],[-148.797986,60.753296],[-148.79491,60.754351],[-148.790358,60.758889],[-148.795899,60.762655],[-148.807071,60.767841],[-148.82528,60.772145],[-148.831061,60.771979],[-148.832116,60.770853],[-148.836496,60.77031],[-148.842839,60.771991],[-148.84416,60.774096],[-148.843804,60.771899],[-148.840558,60.769367],[-148.84092,60.767732],[-148.844611,60.764294],[-148.846628,60.763401],[-148.847296,60.761787],[-148.849644,60.760838],[-148.847509,60.761272],[-148.846169,60.76374],[-148.84176,60.76644],[-148.840398,60.76926],[-148.843801,60.771899],[-148.844193,60.77468],[-148.846349,60.776772],[-148.846442,60.778582],[-148.844497,60.780808],[-148.84426,60.782176],[-148.848712,60.785608],[-148.857493,60.786795],[-148.874843,60.787348],[-148.896281,60.790246],[-148.907384,60.793853],[-148.924075,60.803776],[-148.941877,60.808527],[-148.949402,60.813179],[-148.959163,60.815686],[-148.9669,60.819216],[-148.97729,60.819337],[-148.976556,60.821739],[-148.977046,60.823987],[-148.978587,60.823796],[-148.978239,60.821728],[-148.979,60.82124],[-148.980832,60.822142],[-148.983127,60.821734],[-148.983221,60.821184],[-148.981596,60.821125],[-148.985004,60.821536],[-148.984455,60.822541],[-148.982922,60.821164],[-148.984963,60.822355],[-148.985148,60.82451],[-148.983874,60.825179],[-148.98514,60.824513],[-148.985649,60.825084],[-148.9845,60.82575],[-148.985223,60.826501],[-148.986663,60.82605],[-148.984688,60.822009],[-148.982829,60.821109],[-148.978813,60.821232],[-148.978159,60.821832],[-148.978577,60.824022],[-148.977651,60.824318],[-148.97676,60.822728],[-148.977314,60.820358],[-148.980487,60.817996],[-148.984247,60.816886],[-148.993305,60.817132],[-149.033254,60.833747],[-149.055469,60.846087],[-149.059246,60.84683],[-149.063344,60.846435],[-149.086055,60.83728],[-149.109568,60.829746],[-149.156659,60.81758],[-149.168772,60.812712],[-149.183847,60.804603],[-149.195388,60.799807],[-149.200324,60.794457],[-149.208625,60.79034],[-149.216851,60.783409],[-149.232144,60.76637],[-149.235544,60.761478],[-149.25026,60.751757],[-149.267177,60.733803],[-149.273656,60.729153],[-149.277849,60.727799],[-149.304153,60.727628],[-149.334258,60.730663],[-149.344372,60.732664],[-149.361072,60.741135],[-149.368957,60.747034],[-149.379539,60.750664],[-149.383731,60.754825],[-149.394323,60.760806],[-149.402442,60.764064],[-149.40378,60.765787],[-149.403604,60.771343],[-149.406618,60.774446],[-149.427113,60.780157],[-149.432958,60.780192],[-149.436167,60.779066],[-149.444719,60.768751],[-149.462238,60.757317],[-149.466934,60.751414],[-149.46642,60.749369],[-149.459588,60.743652],[-149.458214,60.736329],[-149.461858,60.718371],[-149.470513,60.708001],[-149.470638,60.705626],[-149.469218,60.703261],[-149.469687,60.701079],[-149.478894,60.689496],[-149.480141,60.686907],[-149.480623,60.680445],[-149.477583,60.674808],[-149.482959,60.66098],[-149.500075,60.640602],[-149.516,60.629824],[-149.525274,60.622097],[-149.535685,60.609954],[-149.538716,60.602765],[-149.542264,60.598165],[-149.547793,60.594581],[-149.562451,60.580719],[-149.571222,60.574469],[-149.581473,60.558164],[-149.58583,60.553129],[-149.584694,60.551157],[-149.570759,60.544474],[-149.557332,60.535837],[-149.542324,60.534275],[-149.492441,60.520093],[-149.479453,60.515367],[-149.470314,60.513424],[-149.462701,60.510641],[-149.447781,60.508477],[-149.440947,60.506043],[-149.437676,60.50385],[-149.405959,60.499574],[-149.391366,60.500331],[-149.379898,60.503958],[-149.37431,60.50354],[-149.371834,60.502265],[-149.370479,60.495924],[-149.371158,60.490491],[-149.370269,60.481395],[-149.370923,60.477718],[-149.367997,60.459569],[-149.370411,60.453656],[-149.370293,60.450886],[-149.372779,60.44005],[-149.372296,60.437192],[-149.372875,60.434532],[-149.370741,60.423538],[-149.372532,60.412099],[-149.370731,60.40822],[-149.359019,60.400008],[-149.353049,60.391926],[-149.353167,60.3854],[-149.351926,60.379431],[-149.352467,60.376502],[-149.351215,60.374696],[-149.347304,60.372073],[-149.346651,60.369998],[-149.347481,60.363769],[-149.352493,60.355778],[-149.34873,60.35234],[-149.346168,60.343974],[-149.344326,60.340541],[-149.344113,60.338209],[-149.347391,60.33494],[-149.35638,60.332014],[-149.358275,60.33036],[-149.360287,60.324131],[-149.360009,60.31834],[-149.361483,60.312798],[-149.356342,60.306121],[-149.356516,60.30284],[-149.352442,60.299816],[-149.35261,60.297275],[-149.351667,60.294963],[-149.345681,60.29003],[-149.344512,60.288157],[-149.343076,60.281212],[-149.346075,60.275479],[-149.346057,60.271843],[-149.347743,60.269371],[-149.343758,60.26494],[-149.343679,60.263057],[-149.352411,60.256884],[-149.354033,60.248351],[-149.362075,60.244127],[-149.366689,60.239783],[-149.368153,60.224965],[-149.367824,60.220406],[-149.369756,60.215991],[-149.37001,60.211565],[-149.371622,60.208937],[-149.371622,60.201249],[-149.372843,60.193297],[-149.397996,60.176852],[-149.402635,60.167488],[-149.406484,60.16443],[-149.413325,60.161633],[-149.416538,60.15909],[-149.42054,60.15217],[-149.416244,60.14517],[-149.416461,60.143397],[-149.44076,60.12103],[-149.44157,60.118695],[-149.439776,60.118147],[-149.440507,60.114291],[-149.442212,60.113295],[-149.442165,60.103134],[-149.442957,60.102856],[-149.441655,60.102677],[-149.442579,60.102646],[-149.442042,60.114649],[-149.440509,60.121212],[-149.415501,60.143711],[-149.399136,60.139789],[-149.392049,60.140251],[-149.386715,60.138054],[-149.381559,60.134611],[-149.369926,60.122507],[-149.363278,60.120107],[-149.357763,60.115848],[-149.358486,60.110357],[-149.363318,60.103936],[-149.358329,60.110566],[-149.358661,60.112718],[-149.357559,60.115586],[-149.358144,60.116405],[-149.363708,60.12038],[-149.370152,60.12279],[-149.381286,60.134447],[-149.386396,60.137936],[-149.392174,60.140337],[-149.399169,60.139851],[-149.415628,60.143797],[-149.439959,60.122109],[-149.441634,60.11909],[-149.442169,60.114785],[-149.44216,60.100249],[-149.440444,60.10086],[-149.440429,60.116139],[-149.439577,60.117391],[-149.440149,60.119223],[-149.43968,60.119992],[-149.439098,60.119458],[-149.439859,60.119352],[-149.440242,60.117782],[-149.440325,60.118843],[-149.439677,60.119901],[-149.437208,60.120245],[-149.43495,60.119429],[-149.432539,60.117161],[-149.432301,60.116424],[-149.433721,60.114696],[-149.428674,60.112349],[-149.418925,60.095047],[-149.399582,60.046677],[-149.395818,60.027543],[-149.39005,60.018409],[-149.382732,59.999423],[-149.380675,59.990465],[-149.381781,59.98241],[-149.386287,59.9779],[-149.397127,59.970913],[-149.411936,59.963768],[-149.421287,59.952251],[-149.432187,59.934468],[-149.444432,59.921159],[-149.454197,59.913751],[-149.471658,59.906485],[-149.548197,59.877761],[-149.55293,59.87683],[-149.561118,59.877689],[-149.560533,59.87658],[-149.56102,59.876079],[-149.572321,59.873878],[-149.576091,59.874642],[-149.565043,59.868617],[-149.559345,59.864256],[-149.548988,59.854441],[-149.537213,59.841657],[-149.519478,59.820469],[-149.512023,59.810138],[-149.502143,59.791904],[-149.496968,59.784924],[-149.492586,59.777018],[-149.488613,59.755996],[-149.488069,59.743895],[-149.489775,59.71708],[-149.490909,59.711424],[-149.495992,59.696601],[-149.499656,59.689159],[-149.503403,59.678503],[-149.505451,59.658791],[-149.49975,59.65613],[-149.49332,59.654996],[-149.48552,59.652463],[-149.480708,59.650396],[-149.476549,59.647498],[-149.480987,59.646167],[-149.474926,59.643787],[-149.471605,59.64029],[-149.470997,59.638166],[-149.47206,59.632267],[-149.475137,59.631824],[-149.487362,59.63662],[-149.521881,59.6527],[-149.561729,59.673692],[-149.566347,59.677152],[-149.573256,59.680284],[-149.582756,59.686117],[-149.619233,59.709928],[-149.684334,59.75026],[-149.710869,59.768936],[-149.75167,59.803042],[-149.755419,59.807802],[-149.758606,59.809051],[-149.770035,59.818768],[-149.780543,59.824482],[-149.796566,59.837343],[-149.812417,59.844023],[-149.818936,59.845927],[-149.8589,59.849811],[-149.856642,59.849966],[-149.858713,59.849269],[-149.8527,59.848564],[-149.831759,59.847323],[-149.814971,59.845106],[-149.807821,59.84311],[-149.80009,59.838834],[-149.771373,59.819409],[-149.762021,59.815187],[-149.751327,59.814872],[-149.745157,59.816139],[-149.741231,59.818089],[-149.739173,59.820042],[-149.732203,59.8324],[-149.723929,59.840396],[-149.720632,59.841199],[-149.712825,59.840771],[-149.710684,59.841548],[-149.706057,59.847308],[-149.700382,59.856319],[-149.69212,59.873476],[-149.693814,59.876639],[-149.6977,59.879389],[-149.711473,59.881572],[-149.711937,59.882284],[-149.711038,59.890954],[-149.711345,59.896119],[-149.715466,59.901],[-149.719854,59.903663],[-149.722556,59.907739],[-149.723306,59.91362],[-149.72223,59.921608],[-149.723002,59.928346],[-149.722278,59.931588],[-149.724042,59.934323],[-149.722956,59.936702],[-149.725788,59.939261],[-149.732924,59.941437],[-149.728059,59.939121],[-149.732622,59.940648],[-149.731667,59.940589],[-149.729011,59.937899],[-149.725976,59.932681],[-149.712746,59.925189],[-149.708866,59.921682],[-149.705958,59.917921],[-149.701362,59.907473],[-149.698294,59.90318],[-149.698959,59.901383],[-149.696585,59.895901],[-149.695944,59.890949],[-149.691823,59.884685],[-149.689932,59.878156],[-149.687643,59.866743],[-149.686219,59.854196],[-149.676022,59.802228],[-149.662325,59.767867],[-149.647945,59.739818],[-149.645489,59.73722],[-149.628781,59.725759],[-149.605022,59.713138],[-149.570858,59.692432],[-149.559903,59.688045],[-149.54384,59.683237],[-149.535398,59.681375],[-149.525844,59.680575],[-149.516336,59.682625],[-149.512989,59.686538],[-149.50575,59.711058],[-149.504945,59.714758],[-149.505511,59.716643],[-149.489431,59.723464],[-149.455746,59.730778],[-149.427036,59.74544],[-149.400027,59.76407],[-149.388729,59.774891],[-149.374298,59.783333],[-149.373546,59.784548],[-149.374527,59.785569],[-149.376893,59.785881],[-149.379168,59.784972],[-149.378735,59.783632],[-149.377743,59.783684],[-149.372364,59.788776],[-149.362795,59.802774],[-149.350139,59.813926],[-149.328963,59.827532],[-149.304318,59.838576],[-149.296794,59.843783],[-149.295757,59.84645],[-149.295995,59.848514],[-149.303407,59.866473],[-149.302275,59.868247],[-149.29585,59.87146],[-149.298576,59.876344],[-149.307067,59.882228],[-149.309953,59.885373],[-149.310827,59.905969],[-149.308962,59.91905],[-149.303923,59.934885],[-149.304078,59.938442],[-149.311176,59.946659],[-149.316209,59.951061],[-149.319602,59.962352],[-149.325117,59.971522],[-149.325159,59.973844],[-149.33085,59.983185],[-149.337784,60.002212],[-149.35178,60.023171],[-149.355541,60.039125],[-149.363969,60.061324],[-149.37186,60.070238],[-149.376476,60.07376],[-149.39249,60.08179],[-149.406467,60.086755],[-149.411915,60.090005],[-149.424214,60.106681],[-149.433523,60.114379],[-149.432598,60.116834],[-149.433663,60.118242],[-149.436116,60.120012],[-149.439734,60.11983],[-149.439382,60.120638],[-149.44029,60.121113],[-149.441857,60.117613],[-149.440117,60.115723],[-149.440568,60.105134],[-149.442193,60.10413],[-149.442183,60.100621],[-149.44047,60.100709],[-149.442079,60.101712],[-149.442073,60.113988],[-149.441224,60.119874],[-149.439288,60.122635],[-149.416244,60.143566],[-149.416315,60.145654],[-149.419852,60.150566],[-149.425859,60.15005],[-149.430666,60.150803],[-149.434387,60.152441],[-149.446519,60.160822],[-149.463651,60.165246],[-149.468473,60.165575],[-149.47539,60.167393],[-149.484224,60.166755],[-149.496455,60.167102],[-149.508979,60.169082],[-149.512224,60.170004],[-149.519063,60.174094],[-149.527296,60.175396],[-149.542174,60.180134],[-149.547629,60.180695],[-149.554946,60.182939],[-149.565179,60.183549],[-149.573589,60.185449],[-149.586744,60.190656],[-149.587056,60.194187],[-149.587996,60.194683],[-149.601052,60.194322],[-149.620925,60.191247],[-149.630878,60.188932],[-149.630177,60.188424],[-149.631305,60.188365],[-149.631251,60.187158],[-149.628837,60.185311],[-149.629171,60.184717],[-149.637434,60.184717],[-149.631976,60.188052],[-149.621751,60.19103],[-149.603074,60.194069],[-149.589717,60.194899],[-149.587095,60.194172],[-149.586734,60.19063],[-149.575298,60.185871],[-149.565717,60.183575],[-149.555388,60.182998],[-149.548659,60.180857],[-149.541232,60.17988],[-149.52753,60.17541],[-149.518925,60.173996],[-149.510775,60.169385],[-149.496564,60.167072],[-149.474349,60.167272],[-149.447713,60.161236],[-149.432542,60.151402],[-149.425928,60.150006],[-149.420341,60.150729],[-149.41533,60.143672],[-149.400133,60.139921],[-149.392284,60.140302],[-149.3871,60.13825],[-149.382025,60.135001],[-149.370013,60.122553],[-149.363239,60.120059],[-149.358104,60.116269],[-149.357601,60.115378],[-149.358694,60.112914],[-149.358478,60.11039],[-149.363136,60.104913],[-149.363767,60.098561],[-149.362741,60.096907],[-149.360727,60.095715],[-149.353435,60.094576],[-149.352458,60.093158],[-149.352484,60.088729],[-149.346414,60.0882],[-149.346473,60.086194],[-149.347528,60.086083],[-149.34794,60.084132],[-149.352284,60.083117],[-149.351153,60.083685],[-149.346429,60.083178],[-149.346392,60.088081],[-149.352179,60.088634],[-149.352693,60.093966],[-149.354934,60.095231],[-149.361961,60.096278],[-149.363919,60.099262],[-149.363048,60.104896],[-149.358455,60.110279],[-149.357848,60.116068],[-149.363112,60.120047],[-149.36995,60.122575],[-149.381783,60.134872],[-149.387388,60.138452],[-149.391266,60.140133],[-149.399857,60.139919],[-149.415581,60.143786],[-149.440926,60.120808],[-149.442399,60.113858],[-149.440661,60.113841],[-149.440115,60.116862],[-149.439011,60.118185],[-149.441239,60.118658],[-149.440862,60.120647],[-149.43549,60.126096],[-149.436299,60.126227],[-149.435802,60.126375],[-149.440257,60.121753],[-149.441557,60.119376],[-149.442196,60.102779],[-149.4429,60.102784],[-149.442165,60.100677],[-149.4411,60.100329],[-149.438078,60.101078],[-149.439592,60.100359],[-149.438844,60.100284],[-149.435519,60.102198],[-149.435526,60.104211],[-149.436712,60.104742],[-149.440294,60.104731],[-149.4418,60.103758],[-149.439434,60.104585],[-149.440031,60.104902],[-149.441408,60.103966],[-149.441966,60.10444],[-149.440525,60.103886],[-149.441553,60.103718],[-149.44211,60.104291],[-149.442058,60.114605],[-149.440546,60.121053],[-149.416797,60.142828],[-149.415937,60.144595],[-149.42003,60.150828],[-149.425843,60.150039],[-149.431493,60.151048],[-149.447214,60.161121],[-149.46407,60.165344],[-149.469122,60.165622],[-149.473654,60.167195],[-149.496077,60.167055],[-149.510699,60.169406],[-149.518932,60.17404],[-149.526475,60.175165],[-149.541328,60.17995],[-149.548145,60.180774],[-149.555463,60.183044],[-149.565915,60.183637],[-149.57496,60.185785],[-149.585996,60.190313],[-149.587458,60.194499],[-149.58873,60.194818],[-149.602755,60.194143],[-149.621536,60.191122],[-149.630594,60.189115],[-149.630875,60.188597],[-149.629991,60.188515],[-149.631449,60.188558],[-149.638267,60.184131],[-149.643008,60.184522],[-149.644337,60.18396],[-149.643792,60.185942],[-149.647748,60.184462],[-149.651397,60.184096],[-149.651221,60.183525],[-149.656756,60.181794],[-149.66324,60.181569],[-149.663154,60.183435],[-149.66713,60.18279],[-149.669763,60.183199],[-149.67086,60.182388],[-149.669308,60.183274],[-149.663797,60.182939],[-149.662772,60.183734],[-149.663273,60.182272],[-149.66262,60.181737],[-149.656704,60.181781],[-149.651404,60.184045],[-149.648046,60.184302],[-149.644384,60.185699],[-149.644566,60.184296],[-149.637991,60.184012],[-149.631611,60.188721],[-149.628193,60.18882],[-149.621526,60.191069],[-149.602826,60.194086],[-149.588856,60.194788],[-149.586989,60.193836],[-149.58688,60.191575],[-149.585913,60.190167],[-149.57465,60.185651],[-149.564636,60.183424],[-149.555028,60.182902],[-149.547956,60.180688],[-149.541846,60.180001],[-149.527778,60.175491],[-149.518661,60.173867],[-149.510516,60.169302],[-149.495346,60.166957],[-149.47555,60.167338],[-149.469101,60.165567],[-149.464057,60.165288],[-149.44679,60.160888],[-149.432869,60.151522],[-149.425816,60.149993],[-149.420716,60.15065],[-149.420189,60.153375],[-149.415526,60.160093],[-149.406103,60.164607],[-149.402202,60.167804],[-149.398264,60.176573],[-149.372988,60.193034],[-149.3715,60.201779],[-149.372069,60.204553],[-149.371585,60.208633],[-149.369692,60.212127],[-149.369712,60.215841],[-149.367605,60.221248],[-149.368023,60.224377],[-149.366718,60.239507],[-149.36243,60.243785],[-149.354476,60.247682],[-149.351705,60.257583],[-149.342547,60.262658],[-149.343187,60.262469],[-149.343772,60.265064],[-149.347666,60.268742],[-149.346004,60.271809],[-149.345985,60.275612],[-149.343104,60.280563],[-149.344684,60.288832],[-149.352023,60.295556],[-149.35233,60.299647],[-149.356532,60.302957],[-149.356253,60.306085],[-149.360735,60.311274],[-149.361471,60.313492],[-149.359953,60.318469],[-149.36023,60.324144],[-149.358175,60.330447],[-149.354935,60.332573],[-149.347173,60.335031],[-149.344747,60.33697],[-149.343971,60.33944],[-149.348254,60.349691],[-149.348603,60.352229],[-149.352348,60.355233],[-149.352413,60.356273],[-149.347529,60.363473],[-149.346532,60.369264],[-149.34772,60.372613],[-149.352409,60.376362],[-149.351906,60.379755],[-149.35325,60.387313],[-149.352956,60.391832],[-149.358889,60.399948],[-149.371152,60.408666],[-149.372534,60.412477],[-149.370671,60.423421],[-149.371175,60.428584],[-149.372766,60.434003],[-149.372196,60.437562],[-149.372716,60.440574],[-149.370372,60.450142],[-149.370485,60.453284],[-149.367934,60.458773],[-149.36935,60.466608],[-149.369033,60.469107],[-149.370846,60.47717],[-149.370209,60.481364],[-149.371063,60.490163],[-149.370426,60.496337],[-149.371253,60.501597],[-149.374892,60.503714],[-149.379874,60.504012],[-149.392025,60.500284],[-149.406014,60.499613],[-149.436384,60.50367],[-149.447674,60.508488],[-149.463401,60.510909],[-149.46922,60.513157],[-149.478836,60.51521],[-149.490975,60.519713],[-149.542747,60.534538],[-149.551166,60.534097],[-149.556796,60.531802],[-149.560176,60.531279],[-149.567571,60.533109],[-149.575716,60.532928],[-149.590877,60.530453],[-149.59767,60.527308],[-149.60609,60.524703],[-149.614478,60.525163],[-149.627056,60.523861],[-149.654939,60.524222],[-149.671795,60.517895],[-149.682925,60.510861],[-149.687904,60.50647],[-149.689291,60.503049],[-149.692339,60.499167],[-149.699679,60.494344],[-149.729982,60.486008],[-149.734002,60.486042],[-149.741366,60.489078],[-149.745065,60.489501],[-149.759401,60.494668],[-149.771514,60.495443],[-149.778619,60.49448],[-149.785834,60.495132],[-149.797285,60.493912],[-149.805826,60.49426],[-149.813767,60.490456],[-149.829392,60.489771],[-149.847044,60.487148],[-149.853166,60.485437],[-149.85881,60.486546],[-149.866972,60.486133],[-149.873821,60.487069],[-149.881012,60.484085],[-149.911881,60.483343],[-149.929258,60.481142],[-149.937359,60.482908],[-149.941745,60.481872],[-149.939082,60.482109],[-149.942091,60.483135],[-149.933605,60.482338],[-149.929642,60.481088],[-149.912909,60.483264],[-149.885475,60.484207],[-149.887949,60.484858],[-149.891182,60.483719],[-149.880944,60.484065],[-149.874397,60.48697],[-149.866603,60.486083],[-149.858319,60.486501],[-149.854036,60.485277],[-149.848594,60.486838],[-149.830031,60.489659],[-149.812369,60.490717],[-149.808219,60.493559],[-149.805655,60.494232],[-149.797355,60.493864],[-149.785533,60.495108],[-149.778523,60.494427],[-149.771557,60.495393],[-149.759327,60.494544],[-149.746012,60.489768],[-149.741005,60.48891],[-149.73429,60.486029],[-149.730542,60.48582],[-149.717811,60.489046],[-149.717222,60.488553],[-149.719315,60.487522],[-149.717117,60.488376],[-149.717522,60.488913],[-149.716487,60.489443],[-149.698766,60.494772],[-149.692495,60.4989],[-149.689354,60.502722],[-149.68823,60.505899],[-149.681873,60.511492],[-149.671462,60.517985],[-149.655402,60.524075],[-149.626103,60.523797],[-149.61273,60.525182],[-149.60674,60.524613],[-149.598306,60.526963],[-149.592069,60.530051],[-149.576953,60.532684],[-149.568566,60.533181],[-149.56043,60.531192],[-149.556746,60.531761],[-149.550993,60.53406],[-149.544095,60.534308],[-149.544759,60.534898],[-149.557005,60.535802],[-149.571183,60.544785],[-149.584225,60.550904],[-149.585601,60.553664],[-149.581881,60.557462],[-149.570903,60.574697],[-149.562344,60.580706],[-149.547837,60.594397],[-149.54171,60.598629],[-149.538328,60.603291],[-149.535203,60.610324],[-149.525412,60.62186],[-149.515357,60.630208],[-149.500282,60.640369],[-149.4826,60.661487],[-149.477449,60.674968],[-149.480438,60.680266],[-149.479857,60.687111],[-149.469205,60.701618],[-149.469248,60.703749],[-149.4706,60.705875],[-149.470129,60.708396],[-149.462147,60.717435],[-149.458297,60.735479],[-149.459276,60.743274],[-149.466292,60.749414],[-149.466807,60.751337],[-149.462669,60.756805],[-149.444232,60.769115],[-149.437238,60.778049],[-149.43457,60.779681],[-149.428328,60.780287],[-149.407057,60.774596],[-149.403827,60.771701],[-149.403289,60.769631],[-149.403826,60.765685],[-149.402375,60.763927],[-149.394614,60.760873],[-149.384603,60.755257],[-149.378746,60.750202],[-149.368311,60.746571],[-149.362579,60.741836],[-149.3459,60.733077],[-149.334819,60.730681],[-149.306215,60.727694],[-149.2812,60.727354],[-149.273261,60.7293],[-149.266649,60.734107],[-149.249466,60.752361],[-149.235551,60.761385],[-149.232379,60.765972],[-149.21819,60.781763],[-149.208659,60.790091],[-149.200083,60.794551],[-149.195422,60.799648],[-149.184514,60.804163],[-149.169095,60.81244],[-149.156136,60.817663],[-149.109996,60.829549],[-149.089999,60.835796],[-149.061098,60.846738],[-149.054683,60.845667],[-149.034457,60.834167],[-148.993923,60.817247],[-148.988098,60.816476],[-148.981327,60.817551],[-148.977669,60.819708],[-148.976668,60.821282],[-148.976739,60.823223],[-148.981965,60.83888],[-148.985659,60.843577],[-149.027997,60.864407],[-149.041014,60.876594],[-149.046754,60.884383],[-149.052822,60.888032],[-149.063955,60.89282],[-149.079939,60.905336],[-149.095361,60.912923],[-149.132562,60.919072],[-149.143079,60.924445],[-149.161012,60.93668],[-149.189058,60.944468],[-149.196598,60.944822],[-149.229281,60.939686],[-149.311655,60.934659],[-149.340265,60.929921],[-149.355361,60.93026],[-149.360144,60.93202],[-149.372954,60.943844],[-149.37578,60.945374],[-149.410727,60.95257],[-149.419618,60.955141],[-149.431051,60.961535],[-149.451176,60.970044],[-149.459768,60.972209],[-149.473908,60.974124],[-149.47712,60.975648],[-149.481869,60.979413],[-149.49617,60.984677],[-149.520245,60.987329],[-149.524368,60.986909],[-149.533884,60.98353],[-149.537467,60.983015],[-149.55276,60.983127],[-149.568841,60.984491],[-149.575189,60.984258],[-149.584728,60.982559],[-149.592209,60.98248],[-149.601026,60.984533],[-149.610577,60.985323],[-149.614264,60.988332],[-149.640199,60.999498],[-149.649051,60.999578],[-149.657014,61.002397],[-149.669183,61.003282],[-149.694573,61.006988],[-149.692868,61.00633],[-149.698123,61.009921],[-149.713039,61.01351],[-149.73852,61.017616],[-149.750875,61.024638],[-149.754198,61.028074],[-149.765954,61.031536],[-149.771063,61.034192],[-149.778105,61.035935],[-149.782328,61.038301],[-149.784844,61.041707],[-149.792816,61.04788],[-149.803593,61.0587],[-149.822307,61.068185],[-149.82616,61.071022],[-149.828907,61.074643],[-149.831895,61.083381],[-149.834086,61.086778],[-149.83554,61.093856],[-149.85263,61.110776],[-149.855729,61.116013],[-149.85618,61.139966],[-149.855404,61.142614],[-149.852918,61.144203],[-149.854448,61.144825],[-149.876092,61.145005],[-149.878059,61.145562],[-149.878231,61.150242],[-149.877903,61.151371],[-149.876633,61.151936],[-149.855068,61.151809],[-149.856825,61.170416],[-149.861873,61.18506],[-149.867818,61.191567],[-149.866825,61.216473],[-149.857371,61.217536],[-149.822121,61.217645],[-149.791429,61.224361],[-149.744836,61.224687],[-149.713837,61.231237],[-149.690639,61.239489],[-149.678119,61.245838],[-149.647257,61.258573],[-149.635545,61.267109],[-149.634025,61.269462],[-149.634176,61.273316],[-149.63342,61.275499],[-149.629314,61.2787],[-149.599909,61.286179],[-149.592846,61.289648],[-149.590204,61.293051],[-149.586579,61.304773],[-149.583548,61.307768],[-149.576262,61.312076],[-149.574366,61.31496],[-149.574858,61.318403],[-149.583272,61.328795],[-149.583381,61.331292],[-149.582041,61.333466],[-149.554161,61.347879],[-149.547835,61.356368],[-149.531826,61.368623],[-149.528454,61.375166],[-149.51415,61.384762],[-149.508378,61.387246],[-149.487648,61.393233],[-149.470919,61.400684],[-149.452908,61.406923],[-149.43454,61.411654],[-149.430459,61.414551],[-149.418373,61.428089],[-149.396035,61.43787],[-149.385468,61.44503],[-149.36603,61.455162],[-149.357806,61.458622],[-149.345197,61.462561],[-149.295024,61.467757],[-149.267318,61.472357],[-149.260121,61.475107],[-149.245663,61.488098],[-149.243813,61.496375],[-149.244428,61.499781],[-149.253284,61.507068],[-149.254434,61.510075],[-149.251626,61.541849],[-149.247579,61.550951],[-149.247494,61.554132],[-149.248935,61.556221],[-149.252348,61.558495],[-149.264974,61.562588],[-149.297434,61.563116],[-149.303787,61.564208],[-149.312654,61.567758],[-149.31814,61.568835],[-149.333754,61.568784],[-149.352392,61.571042],[-149.385562,61.571926],[-149.395555,61.573244],[-149.391767,61.572286],[-149.37315,61.570922],[-149.393153,61.572614],[-149.413243,61.577994],[-149.430299,61.580688],[-149.447731,61.581047],[-149.459061,61.582174],[-149.489522,61.579218],[-149.521835,61.579054],[-149.525843,61.579632],[-149.538455,61.583769],[-149.543768,61.584494],[-149.562204,61.583123],[-149.571808,61.580721],[-149.576671,61.580282],[-149.635114,61.582844],[-149.64032,61.581564],[-149.654382,61.574575],[-149.686574,61.568488],[-149.697801,61.56826],[-149.715011,61.570649],[-149.726654,61.57717],[-149.751813,61.588549],[-149.760351,61.596008],[-149.760855,61.605419],[-149.761179,61.606648],[-149.76318,61.608309],[-149.793841,61.614743],[-149.795747,61.616647],[-149.801462,61.628119],[-149.803216,61.629567],[-149.808517,61.630466],[-149.827836,61.630162],[-149.852971,61.637411],[-149.866055,61.64339],[-149.87841,61.646233],[-149.88741,61.650242],[-149.898522,61.653138],[-149.91923,61.652814],[-149.92357,61.653652],[-149.956943,61.669041],[-149.960692,61.673753],[-149.969035,61.680807],[-149.970116,61.683504],[-149.970334,61.688382],[-149.98213,61.695833],[-149.99182,61.699554],[-150.006386,61.706702],[-150.015781,61.709466],[-150.025009,61.713312],[-150.038045,61.720133],[-150.039403,61.721916],[-150.038146,61.726761],[-150.038828,61.734526],[-150.043901,61.742375],[-150.060845,61.755923],[-150.07628,61.786771],[-150.096276,61.800399],[-150.098099,61.802084],[-150.099105,61.80483],[-150.095808,61.812376],[-150.093447,61.815062],[-150.07397,61.824452],[-150.072503,61.826369],[-150.070344,61.834753],[-150.070734,61.837184],[-150.079635,61.854833],[-150.088658,61.866973],[-150.088821,61.8835],[-150.087351,61.886205],[-150.069693,61.903906],[-150.068364,61.906257],[-150.069434,61.920502],[-150.075162,61.928592],[-150.07592,61.930905],[-150.074187,61.933347],[-150.059294,61.941657],[-150.055754,61.944896],[-150.055501,61.94801],[-150.060775,61.957021],[-150.060378,61.972676],[-150.050683,61.988051],[-150.05659,62.007604],[-150.074187,62.02592],[-150.075428,62.027971],[-150.075485,62.029869],[-150.073444,62.032867],[-150.06222,62.039193],[-150.059894,62.04208],[-150.059982,62.044372],[-150.062538,62.049582],[-150.059557,62.068898],[-150.061855,62.09467],[-150.05958,62.106099],[-150.058439,62.10845],[-150.05179,62.114086],[-150.039711,62.12928],[-150.038612,62.13133],[-150.03939,62.134197],[-150.034406,62.136362],[-150.03161,62.139986],[-150.029533,62.17785],[-150.030487,62.180563],[-150.033313,62.182917],[-150.049401,62.190018],[-150.058728,62.198749],[-150.070821,62.203972],[-150.086422,62.217933],[-150.087528,62.219947],[-150.086199,62.230826],[-150.088805,62.246971],[-150.087875,62.24896],[-150.080809,62.256822],[-150.07655,62.293145],[-150.077945,62.295626],[-150.081057,62.297774],[-150.099811,62.304518],[-150.106574,62.312036],[-150.104875,62.317899],[-150.10639,62.320694],[-150.103371,62.321366],[-150.102414,62.320499],[-150.095736,62.320731],[-150.095343,62.320412],[-150.098376,62.317706],[-150.096926,62.317554],[-150.084844,62.328902],[-150.080919,62.33398],[-150.080078,62.337718],[-150.080593,62.339856],[-150.086386,62.349141],[-150.09523,62.352263],[-150.131112,62.381756],[-150.182652,62.416192],[-150.21041,62.436436],[-150.21853,62.438102],[-150.22142,62.439894],[-150.220683,62.445163],[-150.265572,62.480187],[-150.339147,62.52639],[-150.383924,62.550937],[-150.493571,62.604546],[-150.547584,62.634653],[-150.566953,62.644534],[-150.584503,62.655531],[-150.602989,62.664299],[-150.610953,62.668963],[-150.621131,62.676336],[-150.651057,62.701212],[-150.652909,62.706117],[-150.648785,62.716156],[-150.615846,62.71654],[-150.607089,62.715452],[-150.598922,62.715664],[-150.591645,62.717649],[-150.588875,62.719486],[-150.587414,62.722661],[-150.58898,62.725838],[-150.593352,62.728615],[-150.597448,62.730017],[-150.605727,62.731479],[-150.613353,62.731524],[-150.623994,62.729659],[-150.640404,62.723546],[-150.694175,62.740345],[-150.702717,62.748986],[-150.71449,62.757281],[-150.730599,62.768024],[-150.763057,62.787497],[-150.787541,62.803729],[-150.800977,62.814391],[-150.817588,62.829974],[-150.856067,62.852809],[-150.869098,62.862523],[-150.878445,62.872144],[-150.881525,62.877259],[-150.883287,62.887836],[-150.884693,62.890342],[-150.884227,62.91202],[-150.883561,62.913652],[-150.884736,62.916774],[-150.891847,62.924795],[-150.897463,62.934996],[-150.905785,62.944767],[-150.916081,62.952659],[-150.925354,62.958413],[-150.940838,62.962655],[-150.983884,62.967639],[-151.016816,62.969656],[-151.041926,62.969774],[-151.063416,62.972408],[-151.086942,62.974215],[-151.121573,62.97559],[-151.177874,62.994875],[-151.188216,62.997363],[-151.197888,62.996872],[-151.205029,62.99528],[-151.220819,62.988472],[-151.179951,62.971848],[-151.175152,62.971206],[-151.160575,62.966032],[-151.146615,62.959574],[-151.042241,62.969588],[-151.026417,62.968057],[-151.001909,62.967191],[-150.980799,62.96498],[-150.965996,62.962513],[-150.923125,62.954188],[-150.889371,62.946528],[-150.820249,62.934492],[-150.725553,62.933319],[-150.670562,62.9357],[-150.660678,62.937335],[-150.637973,62.943326],[-150.612417,62.948919],[-150.588994,62.957221],[-150.582315,62.960939],[-150.578724,62.964206],[-150.575278,62.970727],[-150.602983,62.981806],[-150.664275,62.99211],[-150.684044,62.998093],[-150.678939,63.007026],[-150.678489,63.009959],[-150.676875,63.013035],[-150.675312,63.019054],[-150.675026,63.025828],[-150.675863,63.029021],[-150.678123,63.032535],[-150.683061,63.035365],[-150.689077,63.036686],[-150.695747,63.036522],[-150.701989,63.034467],[-150.710366,63.026164],[-150.718908,63.00099],[-150.722566,62.997307],[-150.736484,62.992959],[-150.740178,62.992638],[-150.743033,62.993654],[-150.758009,62.994639],[-150.763656,62.991751],[-150.768356,62.984924],[-150.769165,62.980425],[-150.76599,62.972283],[-150.762052,62.965955],[-150.761214,62.965953],[-150.765418,62.972899],[-150.766044,62.976386],[-150.763031,62.984067],[-150.761387,62.985309],[-150.695464,62.958566],[-150.693091,62.95337],[-150.69,62.95],[-150.680592,62.947055],[-150.646785,62.942708],[-150.601937,62.940811],[-150.574983,62.938492],[-150.540699,62.940144],[-150.494316,62.940597],[-150.482001,62.93888],[-150.451012,62.929701],[-150.418285,62.927391],[-150.411341,62.925525],[-150.406097,62.92259],[-150.400665,62.91722],[-150.397848,62.912055],[-150.398468,62.899054],[-150.39698,62.890674],[-150.39391,62.8816],[-150.387395,62.872349],[-150.383845,62.869568],[-150.380866,62.86485],[-150.377226,62.861273],[-150.375356,62.857467],[-150.377786,62.845152],[-150.379994,62.840396],[-150.380164,62.835203],[-150.381328,62.832563],[-150.3828,62.823197],[-150.386917,62.812575],[-150.392606,62.806565],[-150.400388,62.80185],[-150.424211,62.790617],[-150.435247,62.783257],[-150.438517,62.77788],[-150.439561,62.763099],[-150.442177,62.756825],[-150.446626,62.750887],[-150.454093,62.743084],[-150.46936,62.730518],[-150.472089,62.725753],[-150.472154,62.721263],[-150.424865,62.674559],[-150.400316,62.644563],[-150.385234,62.631959],[-150.350108,62.605966],[-150.322425,62.580676],[-150.315611,62.573558],[-150.251424,62.522449],[-150.243629,62.514857],[-150.23848,62.508294],[-150.237513,62.506636],[-150.241124,62.505384],[-150.240464,62.504189],[-150.153646,62.426217],[-150.085443,62.328108],[-150.093687,62.320581],[-150.101877,62.32063],[-150.104228,62.32146],[-150.106406,62.320922],[-150.112094,62.323185],[-150.119924,62.323021],[-150.112477,62.323139],[-150.106936,62.321059],[-150.104944,62.317989],[-150.106482,62.311368],[-150.102924,62.308155],[-150.100641,62.30486],[-150.081503,62.297933],[-150.078825,62.296321],[-150.076843,62.293876],[-150.080863,62.256916],[-150.088858,62.24719],[-150.086269,62.230736],[-150.087802,62.221087],[-150.087423,62.219298],[-150.07091,62.203979],[-150.058794,62.198737],[-150.050713,62.190731],[-150.03343,62.182919],[-150.030803,62.180863],[-150.029747,62.17895],[-150.031584,62.140284],[-150.034267,62.136546],[-150.039151,62.134528],[-150.044624,62.13793],[-150.057138,62.139368],[-150.061189,62.141717],[-150.07032,62.144727],[-150.086054,62.148416],[-150.100517,62.156127],[-150.107424,62.162072],[-150.119212,62.169261],[-150.169636,62.17417],[-150.186339,62.179221],[-150.210732,62.190776],[-150.213586,62.193082],[-150.222301,62.210385],[-150.231368,62.21864],[-150.237189,62.227499],[-150.253139,62.238699],[-150.249889,62.253215],[-150.242911,62.267028],[-150.249176,62.283625],[-150.233614,62.311049],[-150.232769,62.313741],[-150.239861,62.325662],[-150.241975,62.333046],[-150.249559,62.341891],[-150.25532,62.361836],[-150.267641,62.376127],[-150.267802,62.378234],[-150.263408,62.388524],[-150.262422,62.396463],[-150.258419,62.405466],[-150.257887,62.408986],[-150.264183,62.424895],[-150.265619,62.441568],[-150.272775,62.452604],[-150.270647,62.470295],[-150.27569,62.484768],[-150.272787,62.496277],[-150.270653,62.499526],[-150.241103,62.521248],[-150.238666,62.524019],[-150.234727,62.53209],[-150.234669,62.534608],[-150.236963,62.539446],[-150.234407,62.544328],[-150.234947,62.54577],[-150.243117,62.55344],[-150.244365,62.555551],[-150.242702,62.557596],[-150.23732,62.560323],[-150.231051,62.567702],[-150.231305,62.568673],[-150.235663,62.57131],[-150.237254,62.573331],[-150.234603,62.57906],[-150.234713,62.584235],[-150.237745,62.593054],[-150.240363,62.592769],[-150.240396,62.59352],[-150.240565,62.592982],[-150.2373,62.59082],[-150.234785,62.584157],[-150.234834,62.578436],[-150.237298,62.573579],[-150.237138,62.572599],[-150.23141,62.568662],[-150.231148,62.567678],[-150.237212,62.560468],[-150.243425,62.557182],[-150.244472,62.555428],[-150.234534,62.544703],[-150.237054,62.539637],[-150.234999,62.535173],[-150.234656,62.532516],[-150.240222,62.522251],[-150.271324,62.498939],[-150.273258,62.495105],[-150.275798,62.484635],[-150.270691,62.469584],[-150.272949,62.452915],[-150.266018,62.442317],[-150.264488,62.425275],[-150.258003,62.409026],[-150.258452,62.405628],[-150.262727,62.395661],[-150.263767,62.387522],[-150.267745,62.378696],[-150.267845,62.376389],[-150.25578,62.362421],[-150.249664,62.341833],[-150.242191,62.333201],[-150.240064,62.325779],[-150.232975,62.314273],[-150.233218,62.312018],[-150.249282,62.283698],[-150.248957,62.281345],[-150.243438,62.269056],[-150.24312,62.266437],[-150.249771,62.253863],[-150.253393,62.238982],[-150.25164,62.237057],[-150.240752,62.230488],[-150.237316,62.227487],[-150.231812,62.218982],[-150.222682,62.210663],[-150.213895,62.193412],[-150.209741,62.190185],[-150.185861,62.178925],[-150.170246,62.174223],[-150.120753,62.169645],[-150.107713,62.162151],[-150.09974,62.155597],[-150.086107,62.148354],[-150.071636,62.14505],[-150.062468,62.142144],[-150.05559,62.138873],[-150.044839,62.137906],[-150.04053,62.136609],[-150.040292,62.135663],[-150.038255,62.135002],[-150.039236,62.134481],[-150.038783,62.131588],[-150.039617,62.129649],[-150.051999,62.113984],[-150.059257,62.107379],[-150.061996,62.095576],[-150.059704,62.068118],[-150.062616,62.048995],[-150.059901,62.042487],[-150.062897,62.038816],[-150.073427,62.032982],[-150.075712,62.029315],[-150.074542,62.026147],[-150.0568,62.007714],[-150.050816,61.988106],[-150.060111,61.973861],[-150.06071,61.97176],[-150.060969,61.957587],[-150.055973,61.948805],[-150.055756,61.945137],[-150.058841,61.941973],[-150.073607,61.933794],[-150.0759,61.931442],[-150.075802,61.929333],[-150.069767,61.921332],[-150.068688,61.905771],[-150.087667,61.88602],[-150.088974,61.882968],[-150.088721,61.866664],[-150.079498,61.854253],[-150.071033,61.837375],[-150.070557,61.834545],[-150.072425,61.82946],[-150.072393,61.827105],[-150.073681,61.824902],[-150.076812,61.822692],[-150.094475,61.814293],[-150.098751,61.806594],[-150.099196,61.804356],[-150.097107,61.800901],[-150.076319,61.786546],[-150.060632,61.755331],[-150.044186,61.742469],[-150.038824,61.733822],[-150.038287,61.726323],[-150.039558,61.722905],[-150.038848,61.720746],[-150.025742,61.713535],[-150.016429,61.709612],[-150.006613,61.706669],[-149.992119,61.69959],[-149.981909,61.695605],[-149.971011,61.688954],[-149.969987,61.687069],[-149.970252,61.683739],[-149.969529,61.681369],[-149.960914,61.673724],[-149.957205,61.669073],[-149.923581,61.653587],[-149.919084,61.652736],[-149.898239,61.652978],[-149.889117,61.650701],[-149.876996,61.645723],[-149.866849,61.643535],[-149.853622,61.637509],[-149.828008,61.630116],[-149.806528,61.630292],[-149.803343,61.629493],[-149.801407,61.627778],[-149.795807,61.616542],[-149.794117,61.614788],[-149.765834,61.609066],[-149.762615,61.607835],[-149.761082,61.605974],[-149.760335,61.595484],[-149.750909,61.587718],[-149.729396,61.578177],[-149.717891,61.571554],[-149.713534,61.570098],[-149.69828,61.568022],[-149.686117,61.568294],[-149.655358,61.573874],[-149.639778,61.581504],[-149.635333,61.5826],[-149.575126,61.580099],[-149.563217,61.582811],[-149.545024,61.584341],[-149.538653,61.583597],[-149.525012,61.579199],[-149.521126,61.578832],[-149.489286,61.579073],[-149.460726,61.58208],[-149.429719,61.580462],[-149.412851,61.577746],[-149.390452,61.572156],[-149.355304,61.571059],[-149.333713,61.568518],[-149.317445,61.568498],[-149.312442,61.567389],[-149.304659,61.56416],[-149.297281,61.56284],[-149.267025,61.5626],[-149.253838,61.558795],[-149.25025,61.556828],[-149.248106,61.554324],[-149.247912,61.551373],[-149.250952,61.545688],[-149.252166,61.541566],[-149.254928,61.509875],[-149.253303,61.506449],[-149.244979,61.49979],[-149.244241,61.496758],[-149.246441,61.487739],[-149.258855,61.476414],[-149.264189,61.473554],[-149.27056,61.472],[-149.29634,61.467814],[-149.343633,61.462979],[-149.358579,61.458573],[-149.386426,61.444779],[-149.395551,61.438333],[-149.4184,61.428361],[-149.431702,61.413704],[-149.434307,61.412017],[-149.4598,61.404809],[-149.471782,61.400579],[-149.487209,61.393635],[-149.508315,61.3875],[-149.515132,61.384502],[-149.528985,61.375062],[-149.531842,61.369077],[-149.548697,61.355964],[-149.554047,61.348309],[-149.582324,61.333616],[-149.583827,61.331176],[-149.583773,61.328992],[-149.575416,61.318493],[-149.57485,61.314825],[-149.576641,61.31217],[-149.584364,61.307562],[-149.586562,61.305464],[-149.590908,61.292376],[-149.59221,61.29066],[-149.595693,61.288135],[-149.600169,61.286343],[-149.630533,61.278475],[-149.634425,61.274751],[-149.634532,61.27018],[-149.636279,61.267016],[-149.651259,61.256837],[-149.677693,61.246317],[-149.691843,61.239285],[-149.711399,61.232237],[-149.744125,61.225001],[-149.791435,61.224584],[-149.823306,61.217637],[-149.903334,61.217539],[-149.904149,61.207768],[-149.913022,61.202837],[-149.913698,61.177401],[-149.917013,61.174084],[-149.922721,61.172572],[-149.949977,61.17435],[-149.95959,61.176597],[-149.982859,61.177454],[-149.983322,61.176709],[-149.980338,61.17323],[-149.975869,61.173697],[-149.971962,61.176429],[-149.968787,61.176589],[-149.968523,61.177204],[-149.980951,61.178044],[-149.98461,61.181444],[-149.987545,61.182292],[-149.992157,61.197024],[-149.991623,61.198317],[-149.993439,61.199336],[-149.992934,61.199246],[-149.999323,61.19952],[-150.015953,61.203196],[-150.018724,61.202487],[-150.020765,61.200846],[-150.021612,61.202124],[-150.02096,61.203179],[-150.019018,61.20366],[-150.0215,61.202353],[-150.020698,61.201951],[-150.021142,61.200931],[-150.020152,61.200801],[-150.018123,61.202788],[-150.015075,61.203021],[-149.998517,61.199317],[-149.981564,61.198011],[-149.977377,61.196127],[-149.980669,61.198576],[-149.977804,61.196344],[-149.97398,61.19526],[-149.923844,61.195228],[-149.913286,61.193098],[-149.913565,61.177738],[-149.917041,61.172957],[-149.917104,61.170909],[-149.913965,61.161127],[-149.908542,61.151909],[-149.90815,61.127979],[-149.906596,61.125797],[-149.903184,61.124103],[-149.896858,61.123238],[-149.869982,61.122978],[-149.747877,61.122965],[-149.747478,61.121574],[-149.744725,61.119203],[-149.744556,61.108839],[-149.725169,61.10861],[-149.724307,61.106158],[-149.720086,61.108007],[-149.714447,61.107254],[-149.702789,61.107493],[-149.697193,61.105379],[-149.691689,61.105812],[-149.692009,61.104599],[-149.690724,61.103495],[-149.685597,61.102682],[-149.683762,61.103081],[-149.6832,61.103998],[-149.684498,61.104834],[-149.685205,61.104097],[-149.684114,61.10313],[-149.68534,61.102576],[-149.691585,61.103963],[-149.691377,61.105742],[-149.69653,61.105359],[-149.702647,61.107519],[-149.714615,61.107261],[-149.720795,61.107989],[-149.723784,61.10634],[-149.725782,61.108654],[-149.736048,61.108661],[-149.731727,61.108626],[-149.731594,61.109748],[-149.731669,61.10878],[-149.733047,61.108617],[-149.744495,61.108718],[-149.744613,61.118938],[-149.748973,61.123073],[-149.855055,61.123298],[-149.856342,61.130168],[-149.856448,61.145967],[-149.855352,61.155178],[-149.856503,61.168764],[-149.861517,61.184191],[-149.867177,61.190016],[-149.868046,61.194554],[-149.869162,61.195291],[-149.880534,61.195316],[-149.880731,61.196477],[-149.882781,61.196999],[-149.883957,61.198276],[-149.886578,61.198342],[-149.886774,61.19571],[-149.888217,61.195325],[-149.9125,61.195238],[-149.913328,61.193722],[-149.913648,61.177481],[-149.915986,61.174658],[-149.922142,61.172677],[-149.949682,61.174302],[-149.960141,61.176629],[-149.981298,61.177569],[-149.983348,61.176928],[-149.980484,61.173293],[-149.976068,61.17355],[-149.972883,61.176204],[-149.974865,61.177119],[-149.979986,61.1773],[-149.980574,61.176898],[-149.979255,61.175233],[-149.980569,61.174994],[-149.981314,61.173428],[-149.983537,61.174785]]}},{"type":"Feature","geometry":{"type":"LineString","coordinates":[[-149.983537,61.174785],[-149.267375,60.868143],[-148.564919,60.557768],[-147.875894,60.243776],[-147.200026,59.926282],[-146.537039,59.605396],[-145.886655,59.281226],[-145.2486,58.953875],[-144.622598,58.623444],[-144.008378,58.290029],[-143.405669,57.953726],[-142.814203,57.614624],[-142.233717,57.272811],[-141.66395,56.928373],[-141.104645,56.581392],[-140.555548,56.231946],[-140.016411,55.880113],[-139.486991,55.525967],[-138.967047,55.169579],[-138.456344,54.811018],[-137.954653,54.45035],[-137.461748,54.087642],[-136.977409,53.722953],[-136.50142,53.356346],[-136.03357,52.987877],[-135.573654,52.617603],[-135.12147,52.245578],[-134.676824,51.871854],[-134.239523,51.496481],[-133.80938,51.11951],[-133.386215,50.740985],[-132.96985,50.360954],[-132.560111,49.979461],[-132.156831,49.596547],[-131.759846,49.212254],[-131.368997,48.826621],[-130.984126,48.439687],[-130.605084,48.05149],[-130.231723,47.662064],[-129.8639,47.271445],[-129.501474,46.879667],[-129.14431,46.486761],[-128.792276,46.09276],[-128.445243,45.697693],[-128.103086,45.30159],[-127.765682,44.90448],[-127.432914,44.50639],[-127.104665,44.107347],[-126.780824,43.707377],[-126.461281,43.306504],[-126.145929,42.904754],[-125.834665,42.50215],[-125.527389,42.098714],[-125.224001,41.694468],[-124.924407,41.289435],[-124.628513,40.883635],[-124.336229,40.477087],[-124.047467,40.069813],[-123.76214,39.66183],[-123.480166,39.253156],[-123.201462,38.843811],[-122.925949,38.433812],[-122.65355,38.023174],[-122.384189,37.611915]]},"properties":{"segmentType":"flight"}},{"type":"Feature","properties":{"segmentType":"trace"},"geometry":{"type":"LineString","coordinates":[[-122.384189,37.611915],[-122.383499,37.612771],[-122.385837,37.615435],[-122.386072,37.616713],[-122.394663,37.614382],[-122.396481,37.61319],[-122.395483,37.611846],[-122.357774,37.588132],[-122.353769,37.587224],[-122.333567,37.586644],[-122.32978,37.585233],[-122.302442,37.560054],[-122.274268,37.52985],[-122.238506,37.498388],[-122.211854,37.488576],[-122.186245,37.484886],[-122.177716,37.481901],[-122.12681,37.452066],[-122.098173,37.425093],[-122.080617,37.412831],[-122.068119,37.407942],[-122.014708,37.395516],[-122.013492,37.394249],[-122.013721,37.393171],[-122.015751,37.386974],[-122.017394,37.385013],[-122.021111,37.373895],[-122.016948,37.372017],[-122.014905,37.373487],[-122.016873,37.373862],[-122.01828,37.372776],[-122.02099,37.373948],[-122.017267,37.384989],[-122.015647,37.386593],[-122.009487,37.405947],[-122.012182,37.410089],[-122.01787,37.411944],[-122.017294,37.413742],[-122.019118,37.414312],[-122.018136,37.414742],[-122.018524,37.414323],[-122.017505,37.413278],[-122.020831,37.404847],[-122.013207,37.406285],[-122.011142,37.408066],[-122.009776,37.406496],[-122.015961,37.3864],[-122.017353,37.385107],[-122.021091,37.373958],[-122.016378,37.372256]]}},{"type":"Feature","properties":{"startTs":1788495961,"endTs":1788497573,"durationMin":27,"placeName":"Anchorage, Alaska, United States","isHomeLayover":false,"isOvernight":false},"geometry":{"type":"Point","coordinates":[-149.98310715000002,61.17407159999998]}},{"type":"Feature","properties":{"startTs":1788498288,"endTs":1788501165,"durationMin":48,"placeName":"Anchorage, Alaska, United States","isHomeLayover":false,"isOvernight":false},"geometry":{"type":"Point","coordinates":[-149.8923320526316,61.21874373684209]}},{"type":"Feature","properties":{"startTs":1788501578,"endTs":1788502846,"durationMin":21,"placeName":"Anchorage, Alaska, United States","isHomeLayover":false,"isOvernight":false},"geometry":{"type":"Point","coordinates":[-149.88072116666666,61.19291672222222]}},{"type":"Feature","properties":{"startTs":1788503196,"endTs":1788535530,"durationMin":539,"placeName":"Anchorage, Alaska, United States","isHomeLayover":false,"isOvernight":true},"geometry":{"type":"Point","coordinates":[-149.84640811111112,61.218565444444444]}},{"type":"Feature","properties":{"startTs":1788543262,"endTs":1788545889,"durationMin":44,"placeName":"Matanuska-Susitna Borough, Alaska, United States","isHomeLayover":false,"isOvernight":false},"geometry":{"type":"Point","coordinates":[-150.11418335714285,62.32304789285714]}},{"type":"Feature","properties":{"startTs":1788556908,"endTs":1788558125,"durationMin":20,"placeName":"Denali Borough, Alaska, United States","isHomeLayover":false,"isOvernight":false},"geometry":{"type":"Point","coordinates":[-148.9032135,63.38991600000001]}},{"type":"Feature","properties":{"startTs":1788559293,"endTs":1788560690,"durationMin":23,"placeName":"Denali Borough, Alaska, United States","isHomeLayover":false,"isOvernight":false},"geometry":{"type":"Point","coordinates":[-148.784278,63.37122961111111]}},{"type":"Feature","properties":{"startTs":1788565503,"endTs":1788567055,"durationMin":26,"placeName":"Matanuska-Susitna Borough, Alaska, United States","isHomeLayover":false,"isOvernight":false},"geometry":{"type":"Point","coordinates":[-147.5462976,63.113336000000004]}},{"type":"Feature","properties":{"startTs":1788571070,"endTs":1788573005,"durationMin":32,"placeName":"Matanuska-Susitna Borough, Alaska, United States","isHomeLayover":false,"isOvernight":false},"geometry":{"type":"Point","coordinates":[-147.77220052631577,63.23523257894737]}},{"type":"Feature","properties":{"startTs":1788584234,"endTs":1788586980,"durationMin":46,"placeName":"Denali Borough, Alaska, United States","isHomeLayover":false,"isOvernight":false},"geometry":{"type":"Point","coordinates":[-149.0183953636364,63.86371227272727]}},{"type":"Feature","properties":{"startTs":1788587047,"endTs":1788623688,"durationMin":611,"placeName":"Denali Borough, Alaska, United States","isHomeLayover":false,"isOvernight":true},"geometry":{"type":"Point","coordinates":[-149.01589455555555,63.847364888888876]}},{"type":"Feature","properties":{"startTs":1788628837,"endTs":1788633179,"durationMin":72,"placeName":"Denali Borough, Alaska, United States","isHomeLayover":false,"isOvernight":false},"geometry":{"type":"Point","coordinates":[-149.28257645454548,63.73992896969697]}},{"type":"Feature","properties":{"startTs":1788635439,"endTs":1788637059,"durationMin":27,"placeName":"Denali Borough, Alaska, United States","isHomeLayover":false,"isOvernight":false},"geometry":{"type":"Point","coordinates":[-148.9173922352941,63.73111094117647]}},{"type":"Feature","properties":{"startTs":1788637202,"endTs":1788638655,"durationMin":24,"placeName":"Denali Borough, Alaska, United States","isHomeLayover":false,"isOvernight":false},"geometry":{"type":"Point","coordinates":[-148.89685111764706,63.737039]}},{"type":"Feature","properties":{"startTs":1788655954,"endTs":1788659250,"durationMin":55,"placeName":"Denali Borough, Alaska, United States","isHomeLayover":false,"isOvernight":false},"geometry":{"type":"Point","coordinates":[-149.7941882631579,63.55893852631579]}},{"type":"Feature","properties":{"startTs":1788678452,"endTs":1788712893,"durationMin":574,"placeName":"Fairbanks, Alaska, United States","isHomeLayover":false,"isOvernight":true},"geometry":{"type":"Point","coordinates":[-147.72437328571428,64.84384428571428]}},{"type":"Feature","properties":{"startTs":1788714671,"endTs":1788720682,"durationMin":100,"placeName":"Fairbanks North Star Borough, Alaska, United States","isHomeLayover":false,"isOvernight":false},"geometry":{"type":"Point","coordinates":[-147.84196908695648,64.85863865217391]}},{"type":"Feature","properties":{"startTs":1788753665,"endTs":1788798694,"durationMin":750,"placeName":"Unorganized Borough, Alaska, United States","isHomeLayover":false,"isOvernight":true},"geometry":{"type":"Point","coordinates":[-142.92202586206898,61.43360920689654]}},{"type":"Feature","properties":{"startTs":1788799869,"endTs":1788801479,"durationMin":27,"placeName":"Unorganized Borough, Alaska, United States","isHomeLayover":false,"isOvernight":false},"geometry":{"type":"Point","coordinates":[-142.88592794117645,61.481681941176475]}},{"type":"Feature","properties":{"startTs":1788807366,"endTs":1788809052,"durationMin":28,"placeName":"Unorganized Borough, Alaska, United States","isHomeLayover":false,"isOvernight":false},"geometry":{"type":"Point","coordinates":[-142.907804,61.51423433333334]}},{"type":"Feature","properties":{"startTs":1788809114,"endTs":1788811947,"durationMin":47,"placeName":"Unorganized Borough, Alaska, United States","isHomeLayover":false,"isOvernight":false},"geometry":{"type":"Point","coordinates":[-142.91125471428575,61.513475761904765]}},{"type":"Feature","properties":{"startTs":1788813608,"endTs":1788815399,"durationMin":30,"placeName":"Unorganized Borough, Alaska, United States","isHomeLayover":false,"isOvernight":false},"geometry":{"type":"Point","coordinates":[-142.9183080833333,61.51436391666667]}},{"type":"Feature","properties":{"startTs":1788816819,"endTs":1788818199,"durationMin":23,"placeName":"Unorganized Borough, Alaska, United States","isHomeLayover":false,"isOvernight":false},"geometry":{"type":"Point","coordinates":[-142.92079207692308,61.517312]}},{"type":"Feature","properties":{"startTs":1788818239,"endTs":1788820031,"durationMin":30,"placeName":"Unorganized Borough, Alaska, United States","isHomeLayover":false,"isOvernight":false},"geometry":{"type":"Point","coordinates":[-142.9211821538461,61.51884830769231]}},{"type":"Feature","properties":{"startTs":1788820065,"endTs":1788821613,"durationMin":26,"placeName":"Unorganized Borough, Alaska, United States","isHomeLayover":false,"isOvernight":false},"geometry":{"type":"Point","coordinates":[-142.92124654545455,61.52011513636364]}},{"type":"Feature","properties":{"startTs":1788822924,"endTs":1788824176,"durationMin":21,"placeName":"Unorganized Borough, Alaska, United States","isHomeLayover":false,"isOvernight":false},"geometry":{"type":"Point","coordinates":[-142.91282427272725,61.51464518181819]}},{"type":"Feature","properties":{"startTs":1788824292,"endTs":1788825590,"durationMin":22,"placeName":"Unorganized Borough, Alaska, United States","isHomeLayover":false,"isOvernight":false},"geometry":{"type":"Point","coordinates":[-142.90770608333332,61.51427024999999]}},{"type":"Feature","properties":{"startTs":1788833640,"endTs":1788887155,"durationMin":892,"placeName":"Unorganized Borough, Alaska, United States","isHomeLayover":false,"isOvernight":true},"geometry":{"type":"Point","coordinates":[-142.9222278275862,61.433571724137934]}},{"type":"Feature","properties":{"startTs":1788887310,"endTs":1788889685,"durationMin":40,"placeName":"Unorganized Borough, Alaska, United States","isHomeLayover":false,"isOvernight":false},"geometry":{"type":"Point","coordinates":[-142.9245737916667,61.432212625]}},{"type":"Feature","properties":{"startTs":1788906156,"endTs":1788910960,"durationMin":80,"placeName":"Unorganized Borough, Alaska, United States","isHomeLayover":false,"isOvernight":false},"geometry":{"type":"Point","coordinates":[-145.36402767741936,62.02044664516129]}},{"type":"Feature","properties":{"startTs":1788917722,"endTs":1788920467,"durationMin":46,"placeName":"Unorganized Borough, Alaska, United States","isHomeLayover":false,"isOvernight":false},"geometry":{"type":"Point","coordinates":[-145.7132132307692,61.16670453846154]}},{"type":"Feature","properties":{"startTs":1788923036,"endTs":1788929912,"durationMin":115,"placeName":"Valdez, Alaska, United States","isHomeLayover":false,"isOvernight":false},"geometry":{"type":"Point","coordinates":[-146.3052723235294,61.083781499999986]}},{"type":"Feature","properties":{"startTs":1788930769,"endTs":1788969083,"durationMin":639,"placeName":"Valdez, Alaska, United States","isHomeLayover":false,"isOvernight":true},"geometry":{"type":"Point","coordinates":[-146.34744122499998,61.12829997500002]}},{"type":"Feature","properties":{"startTs":1788970567,"endTs":1788972554,"durationMin":33,"placeName":"Valdez, Alaska, United States","isHomeLayover":false,"isOvernight":false},"geometry":{"type":"Point","coordinates":[-146.34787522222217,61.128852333333334]}},{"type":"Feature","properties":{"startTs":1788973311,"endTs":1788976549,"durationMin":54,"placeName":"Valdez, Alaska, United States","isHomeLayover":false,"isOvernight":false},"geometry":{"type":"Point","coordinates":[-146.3537170526316,61.12910957894737]}},{"type":"Feature","properties":{"startTs":1788976567,"endTs":1788978661,"durationMin":35,"placeName":"Valdez, Alaska, United States","isHomeLayover":false,"isOvernight":false},"geometry":{"type":"Point","coordinates":[-146.35004211764704,61.12586423529412]}},{"type":"Feature","properties":{"startTs":1789002765,"endTs":1789004637,"durationMin":31,"placeName":"Valdez, Alaska, United States","isHomeLayover":false,"isOvernight":false},"geometry":{"type":"Point","coordinates":[-146.346660375,61.127111750000005]}},{"type":"Feature","properties":{"startTs":1789008646,"endTs":1789010187,"durationMin":26,"placeName":"Unorganized Borough, Alaska, United States","isHomeLayover":false,"isOvernight":false},"geometry":{"type":"Point","coordinates":[-145.71841600000002,61.124872666666676]}},{"type":"Feature","properties":{"startTs":1789014431,"endTs":1789016336,"durationMin":32,"placeName":"Valdez, Alaska, United States","isHomeLayover":false,"isOvernight":false},"geometry":{"type":"Point","coordinates":[-146.30766591666668,61.083570583333334]}},{"type":"Feature","properties":{"startTs":1789019005,"endTs":1789046677,"durationMin":461,"placeName":"Valdez, Alaska, United States","isHomeLayover":false,"isOvernight":true},"geometry":{"type":"Point","coordinates":[-146.34749975,61.128999416666666]}},{"type":"Feature","properties":{"startTs":1789046811,"endTs":1789049815,"durationMin":50,"placeName":"Valdez, Alaska, United States","isHomeLayover":false,"isOvernight":false},"geometry":{"type":"Point","coordinates":[-146.3639282857143,61.12462257142857]}},{"type":"Feature","properties":{"startTs":1789049833,"endTs":1789053161,"durationMin":55,"placeName":"Valdez, Alaska, United States","isHomeLayover":false,"isOvernight":false},"geometry":{"type":"Point","coordinates":[-146.36601084210528,61.12367684210526]}},{"type":"Feature","properties":{"startTs":1789071737,"endTs":1789073023,"durationMin":21,"placeName":"Whittier, Alaska, United States","isHomeLayover":false,"isOvernight":false},"geometry":{"type":"Point","coordinates":[-148.68194375,60.77701391666667]}},{"type":"Feature","properties":{"startTs":1789075998,"endTs":1789077667,"durationMin":28,"placeName":"Whittier, Alaska, United States","isHomeLayover":false,"isOvernight":false},"geometry":{"type":"Point","coordinates":[-148.73028699999998,60.77697825]}},{"type":"Feature","properties":{"startTs":1789079432,"endTs":1789081335,"durationMin":32,"placeName":"Anchorage, Alaska, United States","isHomeLayover":false,"isOvernight":false},"geometry":{"type":"Point","coordinates":[-148.82982760000002,60.771615399999995]}},{"type":"Feature","properties":{"startTs":1789086579,"endTs":1789088319,"durationMin":29,"placeName":"Anchorage, Alaska, United States","isHomeLayover":false,"isOvernight":false},"geometry":{"type":"Point","coordinates":[-148.84788008695654,60.761690826086955]}},{"type":"Feature","properties":{"startTs":1789090325,"endTs":1789091545,"durationMin":20,"placeName":"Anchorage, Alaska, United States","isHomeLayover":false,"isOvernight":false},"geometry":{"type":"Point","coordinates":[-148.98311076470588,60.82142976470589]}},{"type":"Feature","properties":{"startTs":1789091630,"endTs":1789093570,"durationMin":32,"placeName":"Anchorage, Alaska, United States","isHomeLayover":false,"isOvernight":false},"geometry":{"type":"Point","coordinates":[-148.9842202173913,60.822022608695654]}},{"type":"Feature","properties":{"startTs":1789099904,"endTs":1789104503,"durationMin":77,"placeName":"Seward, Alaska, United States","isHomeLayover":false,"isOvernight":false},"geometry":{"type":"Point","coordinates":[-149.440342625,60.1183905]}},{"type":"Feature","properties":{"startTs":1789104687,"endTs":1789111701,"durationMin":117,"placeName":"Seward, Alaska, United States","isHomeLayover":false,"isOvernight":false},"geometry":{"type":"Point","coordinates":[-149.4422413076923,60.1032833846154]}},{"type":"Feature","properties":{"startTs":1789113373,"endTs":1789143967,"durationMin":510,"placeName":"Seward, Alaska, United States","isHomeLayover":false,"isOvernight":true},"geometry":{"type":"Point","coordinates":[-149.44222399999998,60.1028092]}},{"type":"Feature","properties":{"startTs":1789144230,"endTs":1789147468,"durationMin":54,"placeName":"Seward, Alaska, United States","isHomeLayover":false,"isOvernight":false},"geometry":{"type":"Point","coordinates":[-149.4398077647059,60.11909170588236]}},{"type":"Feature","properties":{"startTs":1789163662,"endTs":1789165105,"durationMin":24,"placeName":"Kenai Peninsula Borough, Alaska, United States","isHomeLayover":false,"isOvernight":false},"geometry":{"type":"Point","coordinates":[-149.73097226086955,59.940371347826066]}},{"type":"Feature","properties":{"startTs":1789185677,"endTs":1789188816,"durationMin":52,"placeName":"Seward, Alaska, United States","isHomeLayover":false,"isOvernight":false},"geometry":{"type":"Point","coordinates":[-149.43963644444443,60.11783188888889]}},{"type":"Feature","properties":{"startTs":1789190011,"endTs":1789232231,"durationMin":704,"placeName":"Seward, Alaska, United States","isHomeLayover":false,"isOvernight":true},"geometry":{"type":"Point","coordinates":[-149.44235066666667,60.102858444444436]}},{"type":"Feature","properties":{"startTs":1789232774,"endTs":1789235406,"durationMin":44,"placeName":"Seward, Alaska, United States","isHomeLayover":false,"isOvernight":false},"geometry":{"type":"Point","coordinates":[-149.44118981818187,60.1042305757576]}},{"type":"Feature","properties":{"startTs":1789237907,"endTs":1789239164,"durationMin":21,"placeName":"Kenai Peninsula Borough, Alaska, United States","isHomeLayover":false,"isOvernight":false},"geometry":{"type":"Point","coordinates":[-149.64371266666666,60.18451816666667]}},{"type":"Feature","properties":{"startTs":1789241170,"endTs":1789242524,"durationMin":23,"placeName":"Kenai Peninsula Borough, Alaska, United States","isHomeLayover":false,"isOvernight":false},"geometry":{"type":"Point","coordinates":[-149.65672020000002,60.182045599999995]}},{"type":"Feature","properties":{"startTs":1789242644,"endTs":1789243968,"durationMin":22,"placeName":"Kenai Peninsula Borough, Alaska, United States","isHomeLayover":false,"isOvernight":false},"geometry":{"type":"Point","coordinates":[-149.662554875,60.182131125000005]}},{"type":"Feature","properties":{"startTs":1789244065,"endTs":1789245808,"durationMin":29,"placeName":"Kenai Peninsula Borough, Alaska, United States","isHomeLayover":false,"isOvernight":false},"geometry":{"type":"Point","coordinates":[-149.66444899999996,60.18326449999999]}},{"type":"Feature","properties":{"startTs":1789245893,"endTs":1789247236,"durationMin":22,"placeName":"Kenai Peninsula Borough, Alaska, United States","isHomeLayover":false,"isOvernight":false},"geometry":{"type":"Point","coordinates":[-149.66835699999996,60.182971384615385]}},{"type":"Feature","properties":{"startTs":1789247268,"endTs":1789251045,"durationMin":63,"placeName":"Kenai Peninsula Borough, Alaska, United States","isHomeLayover":false,"isOvernight":false},"geometry":{"type":"Point","coordinates":[-149.66927994117646,60.182778411764694]}},{"type":"Feature","properties":{"startTs":1789251339,"endTs":1789252553,"durationMin":20,"placeName":"Kenai Peninsula Borough, Alaska, United States","isHomeLayover":false,"isOvernight":false},"geometry":{"type":"Point","coordinates":[-149.66393572727273,60.18317340909091]}},{"type":"Feature","properties":{"startTs":1789258489,"endTs":1789260224,"durationMin":29,"placeName":"Kenai Peninsula Borough, Alaska, United States","isHomeLayover":false,"isOvernight":false},"geometry":{"type":"Point","coordinates":[-149.3436856,60.262293799999995]}},{"type":"Feature","properties":{"startTs":1789263986,"endTs":1789265834,"durationMin":31,"placeName":"Kenai Peninsula Borough, Alaska, United States","isHomeLayover":false,"isOvernight":false},"geometry":{"type":"Point","coordinates":[-149.80814875000002,60.493623]}},{"type":"Feature","properties":{"startTs":1789275071,"endTs":1789280507,"durationMin":91,"placeName":"Anchorage, Alaska, United States","isHomeLayover":false,"isOvernight":false},"geometry":{"type":"Point","coordinates":[-149.875601625,61.14520850000001]}},{"type":"Feature","properties":{"startTs":1789284236,"endTs":1789318015,"durationMin":563,"placeName":"Wasilla, Alaska, United States","isHomeLayover":false,"isOvernight":true},"geometry":{"type":"Point","coordinates":[-149.37551713333332,61.571096133333334]}},{"type":"Feature","properties":{"startTs":1789322576,"endTs":1789326026,"durationMin":58,"placeName":"Matanuska-Susitna Borough, Alaska, United States","isHomeLayover":false,"isOvernight":false},"geometry":{"type":"Point","coordinates":[-150.10389721428572,62.3209557857143]}},{"type":"Feature","properties":{"startTs":1789329938,"endTs":1789331601,"durationMin":28,"placeName":"Matanuska-Susitna Borough, Alaska, United States","isHomeLayover":false,"isOvernight":false},"geometry":{"type":"Point","coordinates":[-150.7619232857143,62.96665599999999]}},{"type":"Feature","properties":{"startTs":1789333351,"endTs":1789334594,"durationMin":21,"placeName":"Matanuska-Susitna Borough, Alaska, United States","isHomeLayover":false,"isOvernight":false},"geometry":{"type":"Point","coordinates":[-150.1027787,62.32096650000001]}},{"type":"Feature","properties":{"startTs":1789334801,"endTs":1789338934,"durationMin":69,"placeName":"Matanuska-Susitna Borough, Alaska, United States","isHomeLayover":false,"isOvernight":false},"geometry":{"type":"Point","coordinates":[-150.1167380526315,62.32315628947371]}},{"type":"Feature","properties":{"startTs":1789354662,"endTs":1789356231,"durationMin":26,"placeName":"Anchorage, Alaska, United States","isHomeLayover":false,"isOvernight":false},"geometry":{"type":"Point","coordinates":[-150.020385173913,61.20261465217393]}},{"type":"Feature","properties":{"startTs":1789358852,"endTs":1789360699,"durationMin":31,"placeName":"Anchorage, Alaska, United States","isHomeLayover":false,"isOvernight":false},"geometry":{"type":"Point","coordinates":[-149.68434166666665,61.10373011111111]}},{"type":"Feature","properties":{"startTs":1789363576,"endTs":1789368346,"durationMin":80,"placeName":"Anchorage, Alaska, United States","isHomeLayover":false,"isOvernight":false},"geometry":{"type":"Point","coordinates":[-149.98073240000002,61.174325599999996]}},{"type":"Feature","properties":{"startTs":1789402094,"endTs":1789403373,"durationMin":21,"placeName":"San Bruno, California, United States","isHomeLayover":true,"isOvernight":false},"geometry":{"type":"Point","coordinates":[-122.38395640000002,37.6132274]}},{"type":"Feature","properties":{"startTs":1789406597,"endTs":1789411187,"durationMin":77,"placeName":"Sunnyvale, California, United States","isHomeLayover":true,"isOvernight":false},"geometry":{"type":"Point","coordinates":[-122.01608850000001,37.37306457142858]}},{"type":"Feature","properties":{"startTs":1789411714,"endTs":1789426122,"durationMin":240,"placeName":"Sunnyvale, California, United States","isHomeLayover":true,"isOvernight":false},"geometry":{"type":"Point","coordinates":[-122.01842247058825,37.41417229411765]}},{"type":"Feature","properties":{"startTs":1789426198,"endTs":1789431126,"durationMin":82,"placeName":"Sunnyvale, California, United States","isHomeLayover":true,"isOvernight":false},"geometry":{"type":"Point","coordinates":[-122.02019527272726,37.405229454545456]}}],"bbox":[-151.220819,37.372017,-122.009487,64.864257]}